file	findings
01_TYPED_GOVERNED_OPERATIONAL_ALGEBRA_FOR_C_v0_1_7.md	none
02_GOVERNED_BINDING_OPERATOR_PROFILE_v0_1_5.md	none
03_C_STATE_AND_TRANSITION_SEMANTICS_v0_1_2.md	none
04_C_CONTINUITY_METRIC_AND_EQUIVALENCE_SEMANTICS_v0_1_2.md	none
05_C_SELF_EVOLUTION_GATE_AND_BOUNDED_GROWTH_SEMANTICS_v0_1.md	none
05d_SELF_EVO_POST_PROMOTION_WATCH_AND_DECAY_GUARD_v0_1.md	none
06_C_RUNTIME_AUTHORITY_AND_MULTI_CONTOUR_DEPLOYMENT_BOUNDARY_v0_1.md	none
06a_RUNTIME_AUTHORITY_MANIFEST_SCHEMA_AND_CHECKER_SEED_v0_1.md	none
06b_MULTI_CONTOUR_HANDOFF_AND_TOOL_LEASE_FIXTURE_PACK_v0_1.md	none
06c_RUNTIME_SESSION_LEDGER_AND_EMERGENCY_HOLD_DRILL_v0_1.md	none
06d_RUNTIME_AUTHORITY_REVOCATION_AND_POST_SESSION_AUDIT_v0_1.md	none
07_C_PUBLIC_EVIDENCE_DISCLOSURE_AND_REDACTION_BOUNDARY_v0_1.md	none
07a_PUBLIC_EVIDENCE_DISCLOSURE_MANIFEST_SCHEMA_AND_CHECKER_SEED_v0_1.md	none
07b_PUBLIC_RELEASE_BUNDLE_AND_HASH_CUSTODY_AUDIT_v0_1.md	none
07c_PUBLIC_RETRACTION_SUPERSESSION_AND_ERRATA_LEDGER_v0_1.md	none
07d_PUBLIC_CORPUS_INDEX_AND_CITATION_SURFACE_SYNC_v0_1.md	none
08_C_INTEROPERABILITY_PROFILE_AND_EXTERNAL_REVIEW_INTAKE_BOUNDARY_v0_1.md	none
08a_INTEROP_REVIEW_INTAKE_SCHEMA_AND_CHECKER_SEED_v0_1.md	none
08b_EXTERNAL_REVIEW_CONFLICT_RESOLUTION_AND_PATCH_INTAKE_LEDGER_v0_1.md	none
08c_INTEROP_IMPLEMENTATION_REPORT_AND_REPRODUCTION_MAPPING_v0_1.md	none
08d_INTEROP_EXTERNAL_IMPLEMENTATION_DISCLOSURE_AND_TEST_VECTOR_REGISTRY_v0_1.md	none
09_C_DEPLOYMENT_PROFILE_AND_REGULATED_RELEASE_BOUNDARY_v0_1.md	none
09a_DEPLOYMENT_PROFILE_SCHEMA_AND_CHECKER_SEED_v0_1.md	none
09b_DEPLOYMENT_FIXTURE_PACK_AND_MUTATION_MATRIX_v0_1.md	none
09c_REGULATED_RELEASE_LEDGER_AND_WITHDRAWAL_DRILL_v0_1.md	none
09d_POST_DEPLOYMENT_AUDIT_AND_NEXT_RELEASE_ADMISSION_v0_1.md	none
10_THE_PLUS_OPERATOR_BOUNDARY_AND_PROTECTED_INCOMPLETENESS_v0_1.md	none
CCALC_DOC07_PUBLIC_EVIDENCE_STACK_INDEX_AND_RELEASE_MANIFEST_v0_1.md	none
CCALC_DOC09_DEPLOYMENT_REGULATED_RELEASE_STACK_INDEX_AND_RELEASE_MANIFEST_v0_1.md	none
