path	size	sha256	extension
.zenodo.json	1904	adcf2ef656b08b1de4dfc1b0d1dfcdb4af9660145bb0a5c737a70b5659549a5a	.json
ABSTRACT.md	447	cc397026b9aaefe6431f205a079bdbc657268decc99b50f5b4ea12660ac781ed	.md
academic_pdfs/01_TYPED_GOVERNED_OPERATIONAL_ALGEBRA_FOR_C_v0_1_7_ACADEMIC.pdf	261782	f8ea5ff4d99d5d57688911cdaafb393854b11b3e98cc245be62862dccb6446ff	.pdf
academic_pdfs/02_GOVERNED_BINDING_OPERATOR_PROFILE_v0_1_5_ACADEMIC.pdf	234886	c3dab12c867327404475d8e22e0475f0838ec432472b51a7132257b49ac9b3ff	.pdf
academic_pdfs/03_C_STATE_AND_TRANSITION_SEMANTICS_v0_1_2_ACADEMIC.pdf	163029	290dafbd2382f0495c7e3143a89b08e40c9738f495c088c31b02ec13aea4bf57	.pdf
academic_pdfs/04_C_CONTINUITY_METRIC_AND_EQUIVALENCE_SEMANTICS_v0_1_2_ACADEMIC.pdf	181458	d0e99614416af0d8522e5b4e91bc05f4b90cecb2bbd5bdb403c367b620ec6433	.pdf
academic_pdfs/05_C_SELF_EVOLUTION_GATE_AND_BOUNDED_GROWTH_SEMANTICS_v0_1_ACADEMIC.pdf	128718	09263410a56012219fbfbaf66176053436694cf5b469cf5eee51af12b57cdd87	.pdf
academic_pdfs/05d_SELF_EVO_POST_PROMOTION_WATCH_AND_DECAY_GUARD_v0_1_ACADEMIC.pdf	85226	6bb1f7c9be4e3cda5154fca4ae6c35519afe5d9df0c0dc5633c1bf1d58ee6fa2	.pdf
academic_pdfs/06_C_RUNTIME_AUTHORITY_AND_MULTI_CONTOUR_DEPLOYMENT_BOUNDARY_v0_1_ACADEMIC.pdf	124675	4833f467612dd01d92d632eed12bd3d2dcb8eb77345116a1d51136bcd38b4bde	.pdf
academic_pdfs/06a_RUNTIME_AUTHORITY_MANIFEST_SCHEMA_AND_CHECKER_SEED_v0_1_ACADEMIC.pdf	80585	8e93f0ef1202cf455e29d273b3c8d7646ccdfe2fea83390799a53b36a9e9fe8f	.pdf
academic_pdfs/06b_MULTI_CONTOUR_HANDOFF_AND_TOOL_LEASE_FIXTURE_PACK_v0_1_ACADEMIC.pdf	69565	30c645340146d369914288e64d2b285d1953c14569ce9254ba4283ee28052f75	.pdf
academic_pdfs/06c_RUNTIME_SESSION_LEDGER_AND_EMERGENCY_HOLD_DRILL_v0_1_ACADEMIC.pdf	77939	62ad4820534d7de447943aa961b1143f7b6b7a7e807ad8719b512d5a295b9e71	.pdf
academic_pdfs/06d_RUNTIME_AUTHORITY_REVOCATION_AND_POST_SESSION_AUDIT_v0_1_ACADEMIC.pdf	80485	da3453ab5f1e39379a2842b86fa24a6edcf22758eec5189fd697295f38b97b0c	.pdf
academic_pdfs/07_C_PUBLIC_EVIDENCE_DISCLOSURE_AND_REDACTION_BOUNDARY_v0_1_ACADEMIC.pdf	102468	dea73e83cab936c4564d066bc5fb27270ce3849cbc79e1b2823f14476ccc399c	.pdf
academic_pdfs/07a_PUBLIC_EVIDENCE_DISCLOSURE_MANIFEST_SCHEMA_AND_CHECKER_SEED_v0_1_ACADEMIC.pdf	81650	ccf91e814d227312ef11ce2954bb153c48d4af2e01533f601b7fe7b6861c3e1c	.pdf
academic_pdfs/07b_PUBLIC_RELEASE_BUNDLE_AND_HASH_CUSTODY_AUDIT_v0_1_ACADEMIC.pdf	69640	edf7616075463738af898a8c5d19a67992528d77621fada797624d00fe3237a3	.pdf
academic_pdfs/07c_PUBLIC_RETRACTION_SUPERSESSION_AND_ERRATA_LEDGER_v0_1_ACADEMIC.pdf	81637	fc3b6cf1b2f14d5a36857eb919e981f4f09d509ff35047c596594e99de84f085	.pdf
academic_pdfs/07d_PUBLIC_CORPUS_INDEX_AND_CITATION_SURFACE_SYNC_v0_1_ACADEMIC.pdf	69494	bbcc53a65fad31f82e8a8e098efdea0ee0c9c161720b781d780dd60ae32b5e7e	.pdf
academic_pdfs/08_C_INTEROPERABILITY_PROFILE_AND_EXTERNAL_REVIEW_INTAKE_BOUNDARY_v0_1_ACADEMIC.pdf	115798	62def8bbc8546cf3b894093f30fbefbff7bfd658549dcc5b1e9e313c454ebbdd	.pdf
academic_pdfs/08a_INTEROP_REVIEW_INTAKE_SCHEMA_AND_CHECKER_SEED_v0_1_ACADEMIC.pdf	81547	a235fbd78f586d15502da72dd559934a6c14201a0805c926666d7be46818e942	.pdf
academic_pdfs/08b_EXTERNAL_REVIEW_CONFLICT_RESOLUTION_AND_PATCH_INTAKE_LEDGER_v0_1_ACADEMIC.pdf	78350	d2642fc3bf0ad9f9fafbb676a1fb2d721244f14d041ccb01fde588c6bcaac9bb	.pdf
academic_pdfs/08c_INTEROP_IMPLEMENTATION_REPORT_AND_REPRODUCTION_MAPPING_v0_1_ACADEMIC.pdf	75529	1206ad7bde6a501d7dc5db89acb7b062919804915a8652033fb26d50a540673f	.pdf
academic_pdfs/08d_INTEROP_EXTERNAL_IMPLEMENTATION_DISCLOSURE_AND_TEST_VECTOR_REGISTRY_v0_1_ACADEMIC.pdf	75686	df19052384be37d01bd3cb79d54da0adef48f91903fb60adb47205cba40984ab	.pdf
academic_pdfs/09_C_DEPLOYMENT_PROFILE_AND_REGULATED_RELEASE_BOUNDARY_v0_1_ACADEMIC.pdf	133972	5d260fbabc1268f1d2f813932494f227836d383c8d10cfe248a0b843dc7344f4	.pdf
academic_pdfs/09a_DEPLOYMENT_PROFILE_SCHEMA_AND_CHECKER_SEED_v0_1_ACADEMIC.pdf	109071	abf070ef4cff251d8da27a54e164e378dbca58af97f82e36adb76e0f103c4c97	.pdf
academic_pdfs/09b_DEPLOYMENT_FIXTURE_PACK_AND_MUTATION_MATRIX_v0_1_ACADEMIC.pdf	91482	a1ba8c36511be4dbda90d2a3ce6f0d93ae262064678f06ae6597e7e13b66450d	.pdf
academic_pdfs/09c_REGULATED_RELEASE_LEDGER_AND_WITHDRAWAL_DRILL_v0_1_ACADEMIC.pdf	86079	f5523eaffa9c7a26bf388a0ab0dc85b1d45d2ae5c634037bf48c459b7b6c9998	.pdf
academic_pdfs/09d_POST_DEPLOYMENT_AUDIT_AND_NEXT_RELEASE_ADMISSION_v0_1_ACADEMIC.pdf	84845	0f88688882da063a9a2a3aca21e3c81d41d55bfab184dcdf43a839efc657d46b	.pdf
academic_pdfs/10_THE_PLUS_OPERATOR_BOUNDARY_AND_PROTECTED_INCOMPLETENESS_v0_1_ACADEMIC.pdf	119586	1785114bff6c278703909f778f3910c58f7be16a7f17facbf6e361569d157892	.pdf
academic_pdfs/CCALC_DOC07_PUBLIC_EVIDENCE_STACK_INDEX_AND_RELEASE_MANIFEST_v0_1_ACADEMIC.pdf	67741	ee3c02deefd8697a994d9f71fcce95147f454dc1a89b99773359f8b10c597f2d	.pdf
academic_pdfs/CCALC_DOC09_DEPLOYMENT_REGULATED_RELEASE_STACK_INDEX_AND_RELEASE_MANIFEST_v0_1_ACADEMIC.pdf	71723	3a32d998f01f25c76a2a7d053f21789fed739c80fd23624e018f9efddb101486	.pdf
CITATION.cff	959	793827de249b9b08a5e89a829603c4e545a76cbb6d5b6dbdb0a3bdae46763d5b	.cff
component_packages/CCALC_C_A1_AXIOM_DECLARATION_SCAFFOLD_v0_2.zip	12573	79e1f2278f182a2de8b9c9027f03c8e3f46d656177fbd055f6252bde3a8abfad	.zip
component_packages/CCALC_C_A5_FIELD_REPRODUCTION_PROTOCOL_v1_0.zip	14367	d5358e92c5e7eac68dfd53d3929309a5b1399fd665c908aed4faf319d9bcb687	.zip
component_packages/CCALC_CHECKER_v2_3_ADV_ROBUSTNESS_REVIEW_RECORD__b_layer_claude.zip	10856	bf302ea3f7a00ef7a081979024f70d1d00627c227c08958fe5577e5209f473c7	.zip
component_packages/CCALC_CHECKER_v2_3_ADVERSARIAL_ROBUSTNESS_SWEEP_v1_0.zip	59522	57a27e10d105399f7826222bf155e9aa9848227188701be1a651ce8a39638a88	.zip
component_packages/CCALC_CHECKER_v2_3_FINAL_CONFORMANCE_SWEEP_v1_0.zip	12916	a75f2dc6793b4b94e538f01a5b56ad8c7d0201f87e6dc3908dbc12f7accafe61	.zip
component_packages/CCALC_CLAIM_FORCE_MAP_PUBLIC_CORPUS_ALIGNMENT_REVIEW_v1_0.zip	9052	3abc501d1075da5f9b35d8829cca140925e805ebc696f3266cb3cce7ebb68b1b	.zip
component_packages/CCALC_CLAIM_FORCE_MAP_v1_0.zip	20847	9226bf17e61ac4c59b90cf880302fb56c8ff3d8811a9e38975201ded9a5aee4c	.zip
component_packages/CCALC_CONTINUITY_ADJACENCY_AUDIT_04c_v0_1.zip	77190	73690bff99eb32a7fcd579f4021eb703594308c6798a7b02f1db4d569463779a	.zip
component_packages/CCALC_CONTINUITY_CHECKER_SEED_v0_1.zip	58056	dc6f9c80b1c06e8a422d398eae6b3f903a5c7a42ec44bb068e28ac050eaeac32	.zip
component_packages/CCALC_CONTINUITY_CHECKER_SEED_v0_1_ACCEPTED_CURRENT_PACKAGE.zip	52082	cd2420dc22ecaa1258293e96d50ffeeabcbcff1519e10b3858ac834caa93f34f	.zip
component_packages/CCALC_CONTINUITY_CONFORMANCE_GATE_04d_v0_1.zip	84349	45c103ed770152e5220513bfb07985361305ad374ea685b714c20783833e606e	.zip
component_packages/CCALC_DEPLOYMENT_FIXTURE_MUTATION_09b_v0_1.zip	47868	d61a879e43f4c60ffe7c471121e90cf6e0961dd76c11f467b04a52fe88da2b9d	.zip
component_packages/CCALC_DOC04_CONTINUITY_STACK_UMBRELLA_v0_1.zip	249758	6caeab8d489aaa6b26902db3bd3ece4c5169e5c8d5617b93aed6586ea900322d	.zip
component_packages/CCALC_DOC05_SELF_EVO_STACK_UMBRELLA_v0_1.zip	788687	9a0717809029f49df9001dc8ffa1803d9e9bfa1a824d317eebb146cbc7df43b4	.zip
component_packages/CCALC_DOC06_RUNTIME_AUTHORITY_STACK_UMBRELLA_v0_1.zip	1744284	ab95633f1b90f9d032fd231d6cbef3e71b7fe106e0a7fb61d198c2254fc7d307	.zip
component_packages/CCALC_DOC07_PUBLIC_EVIDENCE_STACK_UMBRELLA_v0_1.zip	6658611	b25646d95e45f8a36e5610208d23a535d4c340484431d05efd7f1bf2389fdea3	.zip
component_packages/CCALC_DOC08_INTEROPERABILITY_STACK_UMBRELLA_v0_1.zip	10063377	6015526f0ed49519e00c697a5ed375d37fe1aadf222c095f0facf79cb11e669f	.zip
component_packages/CCALC_DOC09_DEPLOYMENT_REGULATED_RELEASE_STACK_UMBRELLA_v0_1.zip	294335	491a546f6e52511720033f8004d5143945c0b9e8587ad5a06f53ccc51ad7aef7	.zip
component_packages/CCALC_DOC_MAP_v1_0_REVIEW_RECORD__b_layer_claude.zip	7399	6e21708a70e14cdb6d0caab91f041d875ad1c69437faa9d8247c932f9249f011	.zip
component_packages/CCALC_EXTERNAL_REVIEW_CONFLICT_PATCH_LEDGER_08b_v0_1.zip	254343	0c8ad43897d488897acc16656de59ec080f3110b47b566458445ef3a4ebfa918	.zip
component_packages/CCALC_INTEROP_EXTERNAL_DISCLOSURE_TEST_VECTOR_08d_v0_1.zip	236275	e0f2fdb180b90560760907622f628daf6b8b93c3e5f2f29328d5c169b3fd5f9c	.zip
component_packages/CCALC_INTEROP_IMPLEMENTATION_REPRODUCTION_08c_v0_1.zip	210584	69ccdafb0197ea23c34f0172abc18bf6eb9420ea45f05f39d66f4921d235ebbf	.zip
component_packages/CCALC_INTEROP_REVIEW_INTAKE_08a_v0_1.zip	174531	92d587ef59aa3ebcc401dc34c2d2e2243a94bca00e804ee5c2df550fced07d13	.zip
component_packages/CCALC_INTEROPERABILITY_REVIEW_INTAKE_08_v0_1.zip	30904	e1a3c3e74080ef66e70c28bfe8c5232bc0f6e1a1d69977ce808548d2398211ed	.zip
component_packages/CCALC_MULTI_CONTOUR_HANDOFF_TOOL_LEASE_06b_v0_1.zip	188726	374e949263f22eae2ff134fa366811fdffd7895783c2edf9c4b0c299274816cf	.zip
component_packages/CCALC_PLUS_OPERATOR_BOUNDARY_10_v0_1.zip	14799	613393333079534e440a13e97455d3364c9e6bff84bb3ef87a7442c1b2dc9dd6	.zip
component_packages/CCALC_POST_DEPLOYMENT_AUDIT_NEXT_RELEASE_09d_v0_1.zip	199834	d2fde71aa936c150e40ac44805f264f2f7bb0be4ac7a4469844f2a22f2c4860e	.zip
component_packages/CCALC_PUBLIC_CORPUS_CITATION_SYNC_07d_v0_1.zip	3487524	3c22108b7305ff755d236de08e73bbacf4f34c8a8f6bcbef11ed8d41272db512	.zip
component_packages/CCALC_PUBLIC_EVIDENCE_DISCLOSURE_MANIFEST_07a_v0_1.zip	189420	21cfd692d3520a57b46780d093430b123bcf3439ed73781f3074a47f6af15893	.zip
component_packages/CCALC_PUBLIC_EVIDENCE_REDACTION_BOUNDARY_07_v0_1.zip	25030	afced9a2c6830faebcb98d37195d56d6216fe8211d30bcb5bdf2d2ce6e4a4538	.zip
component_packages/CCALC_PUBLIC_RELEASE_HASH_CUSTODY_07b_v0_1.zip	231332	b84ccc97d9564b6f95e92b0acd68481aa2d316d7e6ceb6c561bcddf8433be246	.zip
component_packages/CCALC_PUBLIC_RETRACTION_SUPERSESSION_ERRATA_07c_v0_1.zip	204781	d191c3202c1463cf741f82c978d8414041432174cdff891947e515e32358eec3	.zip
component_packages/CCALC_REGULATED_RELEASE_LEDGER_WITHDRAWAL_09c_v0_1.zip	61478	0c6cb653d9d3e48d341eaba2acbaffbd7c70a089db3061bb9e520a0e83c843f4	.zip
component_packages/CCALC_RUNTIME_AUTHORITY_BOUNDARY_06_v0_1.zip	477070	0dbc49fc30a583facaa839a76bfb8797d3860e5a79deb3f69c388a45516656e2	.zip
component_packages/CCALC_RUNTIME_AUTHORITY_MANIFEST_06a_v0_1.zip	185391	30ff69a365dfcedbb80a0fd661bd45bd9e9d7edd02546782cac8081a3fb96ad6	.zip
component_packages/CCALC_RUNTIME_AUTHORITY_REVOCATION_06d_v0_1.zip	467063	66856c4e5f53c5d2cb782d1b70bc741282e856f3f011a44ec71609bcf4edad53	.zip
component_packages/CCALC_RUNTIME_SESSION_LEDGER_06c_v0_1.zip	423229	6b2fa724919bc7a2b056e8a5d7918d138d2e8e801b6e91c192e922db86aee336	.zip
component_packages/CCALC_SELF_EVO_BOUNDARY_HARDENING_05b_v0_1.zip	157884	0a6c3f3c2a5f1210a78c39bf7cf851a3911e1e8a88ce1dbf25d413ca6c0ba8b7	.zip
component_packages/CCALC_SELF_EVO_POST_PROMOTION_WATCH_05d_v0_1.zip	193951	480b47fa313a0b6439a6fcac899d957dc9b16276635f92db5540166771b2aa7f	.zip
component_packages/CCALC_SELF_EVO_PROMOTION_LEDGER_05c_v0_1.zip	191732	0c695ee1ecfab91903108e1c410ae62eadff1728160fb87100cb8013253cf2ad	.zip
component_packages/CCALC_SELF_EVO_PROPOSAL_PACKET_05a_v0_1.zip	141110	89d2df9981021ad4763db91dd1962bd7dd2603ac1e91547648f1e4bf0609f2e9	.zip
component_packages/CCALC_SELF_EVOLUTION_GATE_05_v0_1.zip	21043	c8dd6054e8739a8c7ffbd6cc6167e475fa6dbdfb736db3451e98f92d23a58b7d	.zip
component_packages/CCALC_WITNESS_CHAIN_DOC_MAP_v1_2.zip	392480	41720b49e006c23c73b84826db1177d1ed667a073eab19d834481f6758a477fb	.zip
component_packages/DOC03_C_STATE_TRANSITION_v0_1_2_REVIEW_RECORD__b_layer_claude.zip	6870	f1eb87d21904db19665f862925415ff93cd04c3b400008a443b41b61502da814	.zip
component_packages/DOC04_C_CONTINUITY_METRIC_v0_1_1_REVIEW_RECORD__b_layer_claude.zip	219373	73614cdbc7a6ebdaf698ba0c46aa077ccacde8d8c91a15755e65594f2255bf37	.zip
component_packages/internal_human_docs/CCALC_C_A1_AXIOM_DECLARATION_SCAFFOLD_v0_2/CCALC_C_A1_AXIOM_DECLARATION_SCAFFOLD_v0_2/C_A1_AXIOM_DECLARATION_SCAFFOLD_v0_2.md	11860	01680edcfa3c886f9d70eec6eaaec42129f99d28da5fe3f7ef5a230a42d6af78	.md
component_packages/internal_human_docs/CCALC_C_A1_AXIOM_DECLARATION_SCAFFOLD_v0_2/CCALC_C_A1_AXIOM_DECLARATION_SCAFFOLD_v0_2/C_A1_AXIOM_REVIEW_CHECKLIST_v0_2.md	2070	03a6820bb170c42c88d702bd60b7703fa10fe566b365925beec60b1f171ac85c	.md
component_packages/internal_human_docs/CCALC_C_A1_AXIOM_DECLARATION_SCAFFOLD_v0_2/CCALC_C_A1_AXIOM_DECLARATION_SCAFFOLD_v0_2/CHANGELOG_v0_2.md	675	6c14fe259b4f4c4af86860f275e210cefd7be500a7fc55271e3bf01d81f92dd3	.md
component_packages/internal_human_docs/CCALC_C_A1_AXIOM_DECLARATION_SCAFFOLD_v0_2/CCALC_C_A1_AXIOM_DECLARATION_SCAFFOLD_v0_2/NON_CLAIMS_AND_BOUNDARIES.md	745	6a0ecf7dda97b3a4b24bde776fc834295fc908eec4b6c110908a311ca7290075	.md
component_packages/internal_human_docs/CCALC_C_A1_AXIOM_DECLARATION_SCAFFOLD_v0_2/CCALC_C_A1_AXIOM_DECLARATION_SCAFFOLD_v0_2/README.md	867	704800e96a19db76926e060ff02c074f09fa4b209e707fca35c27dac297cc52a	.md
component_packages/internal_human_docs/CCALC_C_A5_FIELD_REPRODUCTION_PROTOCOL_v1_0/CCALC_C_A5_FIELD_REPRODUCTION_PROTOCOL_v1_0/C_A5_FIELD_REPRODUCTION_PROTOCOL_v1_0.md	11004	f7842ce8d01ae6fd91a17ce9761665be979e8b1eb99f11e665daf18f3579bed6	.md
component_packages/internal_human_docs/CCALC_C_A5_FIELD_REPRODUCTION_PROTOCOL_v1_0/CCALC_C_A5_FIELD_REPRODUCTION_PROTOCOL_v1_0/C_A5_FIELD_REPRODUCTION_RECORD_TEMPLATE.md	1216	d3d74f843577cbb0ed81ea774b4a7bfe5181e6a620fdc1b8ffe9ec5f952cf147	.md
component_packages/internal_human_docs/CCALC_C_A5_FIELD_REPRODUCTION_PROTOCOL_v1_0/CCALC_C_A5_FIELD_REPRODUCTION_PROTOCOL_v1_0/CLAIM_CLASS_BRIDGE.md	464	522f321b2dc0ad203dff45007d1363643cd91443b045e90a2600802d2b6954a6	.md
component_packages/internal_human_docs/CCALC_C_A5_FIELD_REPRODUCTION_PROTOCOL_v1_0/CCALC_C_A5_FIELD_REPRODUCTION_PROTOCOL_v1_0/NON_CLAIMS_AND_BOUNDARIES.md	438	5b0a537a283981587475e93a906e7cb064dc75dfacd97fdda6d161d94cb718c8	.md
component_packages/internal_human_docs/CCALC_C_A5_FIELD_REPRODUCTION_PROTOCOL_v1_0/CCALC_C_A5_FIELD_REPRODUCTION_PROTOCOL_v1_0/PUBLIC_REGISTRATION_TEMPLATE.md	625	c1d235f6896219cd022231ea47ea00776b65c8a16dfab8df8c7fb6f3ec7e187c	.md
component_packages/internal_human_docs/CCALC_C_A5_FIELD_REPRODUCTION_PROTOCOL_v1_0/CCALC_C_A5_FIELD_REPRODUCTION_PROTOCOL_v1_0/README.md	619	d6610b81b6fabc0bd6e645f45b7661ad9cf405e35133944b4deeb21cbe942c24	.md
component_packages/internal_human_docs/CCALC_CHECKER_v2_3_ADV_ROBUSTNESS_REVIEW_RECORD__b_layer_claude/CCALC_CHECKER_v2_3_ADV_ROBUSTNESS_REVIEW_RECORD__b_layer_claude/CCALC_CHECKER_v2_3_ADV_ROBUSTNESS_REVIEW_RECORD__b_layer_claude.md	14572	ebf1e24149da09f5c942d7e67ba9ccbd77dd890fd558644c4e6181cd20323bab	.md
component_packages/internal_human_docs/CCALC_CHECKER_v2_3_ADV_ROBUSTNESS_REVIEW_RECORD__b_layer_claude/CCALC_CHECKER_v2_3_ADV_ROBUSTNESS_REVIEW_RECORD__b_layer_claude/FREEZE_BINDING_PROTOCOL_NOTE.md	604	e40cfebcb50991f943043c2c19ec4d6ba2aae0f021d756acbc3757395f3d5398	.md
component_packages/internal_human_docs/CCALC_CHECKER_v2_3_ADV_ROBUSTNESS_REVIEW_RECORD__b_layer_claude/CCALC_CHECKER_v2_3_ADV_ROBUSTNESS_REVIEW_RECORD__b_layer_claude/README.md	777	19b67e978016c37607438421e263085065e70c8dce2d3644f5a7b490e0ee5851	.md
component_packages/internal_human_docs/CCALC_CHECKER_v2_3_ADVERSARIAL_ROBUSTNESS_SWEEP_v1_0/CCALC_CHECKER_v2_3_ADVERSARIAL_ROBUSTNESS_SWEEP_v1_0/ADVERSARIAL_ROBUSTNESS_SWEEP_REPORT_v1_0.md	2484	cdcb76a18ff0035b6499b5bf149c5c56c7bcccfd2e203a2bb7ab714898aab71e	.md
component_packages/internal_human_docs/CCALC_CHECKER_v2_3_ADVERSARIAL_ROBUSTNESS_SWEEP_v1_0/CCALC_CHECKER_v2_3_ADVERSARIAL_ROBUSTNESS_SWEEP_v1_0/EXECUTION_LOG.md	3841	e1ebef1c495a6bf86d43e4c69428756b69f67a8d0d68e3960e0d9cd4fff1a1cf	.md
component_packages/internal_human_docs/CCALC_CHECKER_v2_3_ADVERSARIAL_ROBUSTNESS_SWEEP_v1_0/CCALC_CHECKER_v2_3_ADVERSARIAL_ROBUSTNESS_SWEEP_v1_0/NON_CLAIMS_AND_SCOPE.md	641	6d23b71ef851facc34fc042727f754a96d8783f12c048c4267c34bcc581d6dd0	.md
component_packages/internal_human_docs/CCALC_CHECKER_v2_3_ADVERSARIAL_ROBUSTNESS_SWEEP_v1_0/CCALC_CHECKER_v2_3_ADVERSARIAL_ROBUSTNESS_SWEEP_v1_0/README.md	306	7e9013a611b3a68d1fd4afd00f2719458fdf12aee12d3ecc2cca36eeea246133	.md
component_packages/internal_human_docs/CCALC_CHECKER_v2_3_FINAL_CONFORMANCE_SWEEP_v1_0/CCALC_CHECKER_v2_3_FINAL_CONFORMANCE_SWEEP_v1_0/EXECUTION_LOG.md	239	3b63b716ff5b13c8313ce85343705472d60d8d28ef3e647f7b7208a3a5aa1645	.md
component_packages/internal_human_docs/CCALC_CHECKER_v2_3_FINAL_CONFORMANCE_SWEEP_v1_0/CCALC_CHECKER_v2_3_FINAL_CONFORMANCE_SWEEP_v1_0/FINAL_SWEEP_REPORT_v1_0.md	2951	19f2f02715e7a186380c6b2c9c4efef700081292d2e7d38ab8aa88609c88b8d5	.md
component_packages/internal_human_docs/CCALC_CHECKER_v2_3_FINAL_CONFORMANCE_SWEEP_v1_0/CCALC_CHECKER_v2_3_FINAL_CONFORMANCE_SWEEP_v1_0/NON_CLAIMS_AND_SCOPE.md	650	bf1e766d680d835ee7a7b7cf3c906390f58ae0954bdc25686679ce784c578210	.md
component_packages/internal_human_docs/CCALC_CHECKER_v2_3_FINAL_CONFORMANCE_SWEEP_v1_0/CCALC_CHECKER_v2_3_FINAL_CONFORMANCE_SWEEP_v1_0/README.md	934	b95d032132c3f744a14eff1b10100c8c4be4044123d6a681fc5cf0fb09aaf489	.md
component_packages/internal_human_docs/CCALC_CLAIM_FORCE_MAP_PUBLIC_CORPUS_ALIGNMENT_REVIEW_v1_0/CCALC_CLAIM_FORCE_MAP_PUBLIC_CORPUS_ALIGNMENT_REVIEW_v1_0/CCALC_CLAIM_FORCE_MAP_PUBLIC_CORPUS_ALIGNMENT_REVIEW_v1_0.md	7406	4f9b8caa7a270fd14bfb33a0de4ad8cc976b349bf359765a39e9c03b481d0b1c	.md
component_packages/internal_human_docs/CCALC_CLAIM_FORCE_MAP_PUBLIC_CORPUS_ALIGNMENT_REVIEW_v1_0/CCALC_CLAIM_FORCE_MAP_PUBLIC_CORPUS_ALIGNMENT_REVIEW_v1_0/FREEZE_BINDING_PROTOCOL_NOTE.md	195	a11f4ef38805996c073be0a87a70dae16f39fbf93cfe57600e9868b48788bba3	.md
component_packages/internal_human_docs/CCALC_CLAIM_FORCE_MAP_PUBLIC_CORPUS_ALIGNMENT_REVIEW_v1_0/CCALC_CLAIM_FORCE_MAP_PUBLIC_CORPUS_ALIGNMENT_REVIEW_v1_0/NON_CLAIMS.md	215	1dae2a416732d62748ab4b25a815358847dce71dda085b2b75e66920fb0a9ede	.md
component_packages/internal_human_docs/CCALC_CLAIM_FORCE_MAP_PUBLIC_CORPUS_ALIGNMENT_REVIEW_v1_0/CCALC_CLAIM_FORCE_MAP_PUBLIC_CORPUS_ALIGNMENT_REVIEW_v1_0/README.md	273	f8a42b9a6f5d246a725142b2e908313e517fb1241acbb99f3187af6ef1eaa1fd	.md
component_packages/internal_human_docs/CCALC_CLAIM_FORCE_MAP_v1_0/CLAIM_FORCE_MAP_v1_0/CLAIM_CLASS_LEGEND.md	1639	e6384bcccdb9c07a29466bb5b89e48bd4e4378fc26369cfe3d72d405220f7e1c	.md
component_packages/internal_human_docs/CCALC_CLAIM_FORCE_MAP_v1_0/CLAIM_FORCE_MAP_v1_0/CLAIM_FORCE_MAP_v1_0.md	3448	2d29b8d21953f8ce433d4ba33a292239f3e50d58bd8161f040869dc1eeb76b14	.md
component_packages/internal_human_docs/CCALC_CLAIM_FORCE_MAP_v1_0/CLAIM_FORCE_MAP_v1_0/NON_CLAIMS_AND_BOUNDARIES.md	843	d539410c64b915fc555972e030ab3edea899e9a68662e8e49de64f2c043fe95e	.md
component_packages/internal_human_docs/CCALC_CLAIM_FORCE_MAP_v1_0/CLAIM_FORCE_MAP_v1_0/PUBLIC_STATEMENT_TEMPLATE.md	728	c0affa276c1a7e34092061d32e81906c86d17633427c25b92efc8c379eb88d5b	.md
component_packages/internal_human_docs/CCALC_CLAIM_FORCE_MAP_v1_0/CLAIM_FORCE_MAP_v1_0/README.md	468	0d2dd0a4aec82858366a1a6f7f7e2487650ca96bd6a3a93e771c407e5c324879	.md
component_packages/internal_human_docs/CCALC_CONTINUITY_ADJACENCY_AUDIT_04c_v0_1/CCALC_CONTINUITY_ADJACENCY_AUDIT_04c_v0_1/04c_CONTINUITY_ADJACENCY_AUDIT_AND_RED_PATTERN_MATRIX_v0_1.md	8645	6cfe86bdb5ed15567bef0d517daf1f7bd5f792fd9f48acc3f49461800f15fd3e	.md
component_packages/internal_human_docs/CCALC_CONTINUITY_ADJACENCY_AUDIT_04c_v0_1/CCALC_CONTINUITY_ADJACENCY_AUDIT_04c_v0_1/EXECUTION_LOG.md	526	81baef80f89239c46367494a8067f96989a90d0a31c42c8e3bcfd6878a120f2a	.md
component_packages/internal_human_docs/CCALC_CONTINUITY_ADJACENCY_AUDIT_04c_v0_1/CCALC_CONTINUITY_ADJACENCY_AUDIT_04c_v0_1/FREEZE_BINDING_PROTOCOL_NOTE.md	258	56ae2b197f16729e873badfab5bf4e0f0223fa850417a84cc138e1189be19708	.md
component_packages/internal_human_docs/CCALC_CONTINUITY_ADJACENCY_AUDIT_04c_v0_1/CCALC_CONTINUITY_ADJACENCY_AUDIT_04c_v0_1/NON_CLAIMS_AND_SCOPE.md	815	2d16d236d30ee6a021c5b66e4f11ffb180f02a4c3b9f90422d204b0ab015072f	.md
component_packages/internal_human_docs/CCALC_CONTINUITY_ADJACENCY_AUDIT_04c_v0_1/CCALC_CONTINUITY_ADJACENCY_AUDIT_04c_v0_1/README.md	708	3da377545d12a4d5365ccd23b0438798475961b647181123c29221e60223a8bd	.md
component_packages/internal_human_docs/CCALC_CONTINUITY_CHECKER_SEED_v0_1/CCALC_CONTINUITY_CHECKER_SEED_v0_1/EXECUTION_LOG.md	1630	615c4311359d9559765fe42ab5d3d5dfb64eb25e79f473bbfabbd1aae2f93b0c	.md
component_packages/internal_human_docs/CCALC_CONTINUITY_CHECKER_SEED_v0_1/CCALC_CONTINUITY_CHECKER_SEED_v0_1/NON_CLAIMS_AND_SCOPE.md	1122	4a1bc7e83c144ea281b2977d72b9e7149f83488a55839d5c125540c69adff71b	.md
component_packages/internal_human_docs/CCALC_CONTINUITY_CHECKER_SEED_v0_1/CCALC_CONTINUITY_CHECKER_SEED_v0_1/README.md	1417	56275ac4f8ca6f1df264ad3645870c8b64f636a6bea47e196eb443f854fcb845	.md
component_packages/internal_human_docs/CCALC_CONTINUITY_CHECKER_SEED_v0_1_ACCEPTED_CURRENT_PACKAGE/CCALC_CONTINUITY_CHECKER_SEED_v0_1_ACCEPTED_CURRENT_PACKAGE/CCALC_CONTINUITY_CHECKER_SEED_v0_1_ACCEPTANCE_RECORD.md	4927	e1ad2688feb0df0bb9e4befe8609c66b667d2666d0c3503ea28f682a6e7a1424	.md
component_packages/internal_human_docs/CCALC_CONTINUITY_CHECKER_SEED_v0_1_ACCEPTED_CURRENT_PACKAGE/CCALC_CONTINUITY_CHECKER_SEED_v0_1_ACCEPTED_CURRENT_PACKAGE/FREEZE_BINDING_PROTOCOL_NOTE.md	295	ca8e682847fb65ca5795e6465fcf610fe2fa3a19b5faf15a457e1e55139f756b	.md
component_packages/internal_human_docs/CCALC_CONTINUITY_CHECKER_SEED_v0_1_ACCEPTED_CURRENT_PACKAGE/CCALC_CONTINUITY_CHECKER_SEED_v0_1_ACCEPTED_CURRENT_PACKAGE/README.md	701	db117c57c032f9fef57627b20759bd0ed867756cb0e0960d805d607f451aabf1	.md
component_packages/internal_human_docs/CCALC_CONTINUITY_CONFORMANCE_GATE_04d_v0_1/CCALC_CONTINUITY_CONFORMANCE_GATE_04d_v0_1/04d_CONTINUITY_CONFORMANCE_GATE_AND_EVIDENCE_BUNDLE_v0_1.md	7562	e5168a207f4207fc720bd130acb667b15fa6a4c82783d4c8e52202487580995e	.md
component_packages/internal_human_docs/CCALC_CONTINUITY_CONFORMANCE_GATE_04d_v0_1/CCALC_CONTINUITY_CONFORMANCE_GATE_04d_v0_1/EXECUTION_LOG.md	987	e6fa1771998e9c648c24c1656e4132d3cf112b33e0ade964e18b4d527f6efc0f	.md
component_packages/internal_human_docs/CCALC_CONTINUITY_CONFORMANCE_GATE_04d_v0_1/CCALC_CONTINUITY_CONFORMANCE_GATE_04d_v0_1/FREEZE_BINDING_PROTOCOL_NOTE.md	273	08949612bb1e90fc88048bf571c4fee99cd955be015218dfa007a365148ac718	.md
component_packages/internal_human_docs/CCALC_CONTINUITY_CONFORMANCE_GATE_04d_v0_1/CCALC_CONTINUITY_CONFORMANCE_GATE_04d_v0_1/NON_CLAIMS_AND_SCOPE.md	734	2da17afd2f3c6f59f1bf4d28a7dedbdf3a25533b07e910b06e858fa604f782e3	.md
component_packages/internal_human_docs/CCALC_CONTINUITY_CONFORMANCE_GATE_04d_v0_1/CCALC_CONTINUITY_CONFORMANCE_GATE_04d_v0_1/README.md	1158	763469a8e4d0990ca10eef469f2b60cb79de0cb21a8e77973dbc1ef97cb5bcab	.md
component_packages/internal_human_docs/CCALC_DOC04_CONTINUITY_STACK_UMBRELLA_v0_1/CCALC_DOC04_CONTINUITY_STACK_UMBRELLA_v0_1/CCALC_DOC04_CONTINUITY_STACK_INDEX_AND_RELEASE_MANIFEST_v0_1.md	5568	73b1b7a3b3cc8d7ab6dc5c1e3d3598a19db06e92a0fed9eba668808052a8cab0	.md
component_packages/internal_human_docs/CCALC_DOC04_CONTINUITY_STACK_UMBRELLA_v0_1/CCALC_DOC04_CONTINUITY_STACK_UMBRELLA_v0_1/FREEZE_BINDING_PROTOCOL_NOTE.md	397	24ec00b0de1ee13af1b864df45195cf21dcc37e7cb6cb497a741fef102e4e2bd	.md
component_packages/internal_human_docs/CCALC_DOC04_CONTINUITY_STACK_UMBRELLA_v0_1/CCALC_DOC04_CONTINUITY_STACK_UMBRELLA_v0_1/NON_CLAIMS_AND_SCOPE.md	530	a3fc3b49d0706279e7c609f93bcc9f6e59e68325ef4326d12d1fb8286fb56927	.md
component_packages/internal_human_docs/CCALC_DOC04_CONTINUITY_STACK_UMBRELLA_v0_1/CCALC_DOC04_CONTINUITY_STACK_UMBRELLA_v0_1/OPEN_ISSUES_AND_NEXT_STEPS.md	709	1807bf10bb5f0a963c57ec2322957095d6fd9433aa9fc8c5c464c53cee457d07	.md
component_packages/internal_human_docs/CCALC_DOC04_CONTINUITY_STACK_UMBRELLA_v0_1/CCALC_DOC04_CONTINUITY_STACK_UMBRELLA_v0_1/READING_ORDER.md	419	41948d231dd8a8da049cbbcb4d36746fa152cc934c4b59a586a0cf9c80ca218f	.md
component_packages/internal_human_docs/CCALC_DOC04_CONTINUITY_STACK_UMBRELLA_v0_1/CCALC_DOC04_CONTINUITY_STACK_UMBRELLA_v0_1/README.md	672	d2cad0987c68cf32661696bf5dcc393fa0cf19a6c02b53fb664549d529d70e17	.md
component_packages/internal_human_docs/CCALC_DOC04_CONTINUITY_STACK_UMBRELLA_v0_1/CCALC_DOC04_CONTINUITY_STACK_UMBRELLA_v0_1/UMBRELLA_VERIFICATION_LOG.md	1162	e3a5490d39d63f367ccac7888d55f75a7b017b6cfe170cca87830ade67ed6f09	.md
component_packages/internal_human_docs/CCALC_DOC05_SELF_EVO_STACK_UMBRELLA_v0_1/CCALC_DOC05_SELF_EVO_STACK_UMBRELLA_v0_1/CCALC_DOC05_SELF_EVO_STACK_INDEX_AND_RELEASE_MANIFEST_v0_1.md	6927	c73a18c18a9945c79855bf5f639d3f92aa1b5ad219285178df3fa16e65044763	.md
component_packages/internal_human_docs/CCALC_DOC05_SELF_EVO_STACK_UMBRELLA_v0_1/CCALC_DOC05_SELF_EVO_STACK_UMBRELLA_v0_1/FREEZE_BINDING_PROTOCOL_NOTE.md	320	5fa06722f75f68587892b0fa358a259a0534f79d55af838d288d60de3e3de341	.md
component_packages/internal_human_docs/CCALC_DOC05_SELF_EVO_STACK_UMBRELLA_v0_1/CCALC_DOC05_SELF_EVO_STACK_UMBRELLA_v0_1/NON_CLAIMS_AND_SCOPE.md	760	b2c4425e6eb8b4c0797d73917baebbacda527217f5d3a374205a6f3261cd6b4f	.md
component_packages/internal_human_docs/CCALC_DOC05_SELF_EVO_STACK_UMBRELLA_v0_1/CCALC_DOC05_SELF_EVO_STACK_UMBRELLA_v0_1/OPEN_ISSUES_AND_NEXT_STEPS.md	902	3e576c1c2bd0b25319218e53677f59ed2db3eb3fc4485dd49a8fd105f891cd5c	.md
component_packages/internal_human_docs/CCALC_DOC05_SELF_EVO_STACK_UMBRELLA_v0_1/CCALC_DOC05_SELF_EVO_STACK_UMBRELLA_v0_1/READING_ORDER.md	1066	aa871282c2dc28a3a26ac41aa3292739f3531974561f2ec57cc4f15662bb4eeb	.md
component_packages/internal_human_docs/CCALC_DOC05_SELF_EVO_STACK_UMBRELLA_v0_1/CCALC_DOC05_SELF_EVO_STACK_UMBRELLA_v0_1/README.md	1097	7f45d8742bef10c88000ee206366d94878fa636e47214b2ce5690aef781f8517	.md
component_packages/internal_human_docs/CCALC_DOC05_SELF_EVO_STACK_UMBRELLA_v0_1/CCALC_DOC05_SELF_EVO_STACK_UMBRELLA_v0_1/UMBRELLA_VERIFICATION_LOG.md	1111	664b782598b6084d88a0b1f28708d9c51cec874ed0d28bf5d780af1c67bde5a9	.md
component_packages/internal_human_docs/CCALC_DOC06_RUNTIME_AUTHORITY_STACK_UMBRELLA_v0_1/CCALC_DOC06_RUNTIME_AUTHORITY_STACK_UMBRELLA_v0_1/CCALC_DOC06_RUNTIME_AUTHORITY_STACK_INDEX_AND_RELEASE_MANIFEST_v0_1.md	2814	f1831af9de1ba10565e84eb3c6603c7c9d8731ef9fa6854ef7919c6ef54ef2ff	.md
component_packages/internal_human_docs/CCALC_DOC06_RUNTIME_AUTHORITY_STACK_UMBRELLA_v0_1/CCALC_DOC06_RUNTIME_AUTHORITY_STACK_UMBRELLA_v0_1/FREEZE_BINDING_PROTOCOL_NOTE.md	286	ca83971a37ac9c36d77eb72e55a3fafb169d865582bec43c711cb6fdf33de9f5	.md
component_packages/internal_human_docs/CCALC_DOC06_RUNTIME_AUTHORITY_STACK_UMBRELLA_v0_1/CCALC_DOC06_RUNTIME_AUTHORITY_STACK_UMBRELLA_v0_1/NON_CLAIMS_AND_SCOPE.md	659	8e306d6424d72407fb572238ffcbc387d4a6c4f4fac32143bd4e4deae1122d47	.md
component_packages/internal_human_docs/CCALC_DOC06_RUNTIME_AUTHORITY_STACK_UMBRELLA_v0_1/CCALC_DOC06_RUNTIME_AUTHORITY_STACK_UMBRELLA_v0_1/OPEN_ISSUES_AND_NEXT_STEPS.md	715	9db0c6f85f56a73405f5ce2e49a374b714ba591ff93b86939af9ad41fbcce8b2	.md
component_packages/internal_human_docs/CCALC_DOC06_RUNTIME_AUTHORITY_STACK_UMBRELLA_v0_1/CCALC_DOC06_RUNTIME_AUTHORITY_STACK_UMBRELLA_v0_1/READING_ORDER.md	675	917aaedf00c2bd431b23dbb80f09924945e61fb7e0a97d4818a6374f64e20790	.md
component_packages/internal_human_docs/CCALC_DOC06_RUNTIME_AUTHORITY_STACK_UMBRELLA_v0_1/CCALC_DOC06_RUNTIME_AUTHORITY_STACK_UMBRELLA_v0_1/README.md	623	3641776dd360e99b456eab2b73ab5a5e0888b07ae87d7ba98a2b445994348f14	.md
component_packages/internal_human_docs/CCALC_DOC06_RUNTIME_AUTHORITY_STACK_UMBRELLA_v0_1/CCALC_DOC06_RUNTIME_AUTHORITY_STACK_UMBRELLA_v0_1/UMBRELLA_VERIFICATION_LOG.md	1573	f1b6cec715e3c98e9d7322f163eac230869fd6ccaa9ee04e1d7026b5f68b76dd	.md
component_packages/internal_human_docs/CCALC_DOC07_PUBLIC_EVIDENCE_STACK_UMBRELLA_v0_1/CCALC_DOC07_PUBLIC_EVIDENCE_STACK_UMBRELLA_v0_1/FREEZE_BINDING_PROTOCOL_NOTE.md	305	923e5fadf57fc8c906377a41a64efd9d8947f1ba1617c3ffb9813d0bb395b9a0	.md
component_packages/internal_human_docs/CCALC_DOC07_PUBLIC_EVIDENCE_STACK_UMBRELLA_v0_1/CCALC_DOC07_PUBLIC_EVIDENCE_STACK_UMBRELLA_v0_1/NON_CLAIMS_AND_SCOPE.md	442	7b8b8d5388bcb70d4eef2d1157e91a9a90e8621d8d1f27d3f2b088b5956b4a21	.md
component_packages/internal_human_docs/CCALC_DOC07_PUBLIC_EVIDENCE_STACK_UMBRELLA_v0_1/CCALC_DOC07_PUBLIC_EVIDENCE_STACK_UMBRELLA_v0_1/OPEN_ISSUES_AND_NEXT_STEPS.md	704	f3dd202276164b45916e7d7ab371215f855bb53cc1b93c9c55895113816b3ad4	.md
component_packages/internal_human_docs/CCALC_DOC07_PUBLIC_EVIDENCE_STACK_UMBRELLA_v0_1/CCALC_DOC07_PUBLIC_EVIDENCE_STACK_UMBRELLA_v0_1/READING_ORDER.md	744	5d8c63b6d5b984a429fee4dab66239af62fccc17a0193a14ee1551ca4b740fc2	.md
component_packages/internal_human_docs/CCALC_DOC07_PUBLIC_EVIDENCE_STACK_UMBRELLA_v0_1/CCALC_DOC07_PUBLIC_EVIDENCE_STACK_UMBRELLA_v0_1/README.md	616	778c94987b037109f1fae68033ec5981e5b1915ea1cbd874089e23b9025ae488	.md
component_packages/internal_human_docs/CCALC_DOC07_PUBLIC_EVIDENCE_STACK_UMBRELLA_v0_1/CCALC_DOC07_PUBLIC_EVIDENCE_STACK_UMBRELLA_v0_1/UMBRELLA_VERIFICATION_LOG.md	1931	507f6468d971e58f442a4c0bfe55955b60ff329527e1f302f002bd93e08c4808	.md
component_packages/internal_human_docs/CCALC_DOC08_INTEROPERABILITY_STACK_UMBRELLA_v0_1/CCALC_DOC08_INTEROPERABILITY_STACK_UMBRELLA_v0_1/CCALC_DOC08_INTEROPERABILITY_STACK_INDEX_AND_RELEASE_MANIFEST_v0_1.md	3723	d5c499a4258af2601236e7eaf7bec02de2ba0814a442cfce7d9c6890c4e086f0	.md
component_packages/internal_human_docs/CCALC_DOC08_INTEROPERABILITY_STACK_UMBRELLA_v0_1/CCALC_DOC08_INTEROPERABILITY_STACK_UMBRELLA_v0_1/FREEZE_BINDING_PROTOCOL_NOTE.md	247	5bec4f5e1ce5e73f2f24f43775464f8b608a89f799955b3aaea9437697f475e2	.md
component_packages/internal_human_docs/CCALC_DOC08_INTEROPERABILITY_STACK_UMBRELLA_v0_1/CCALC_DOC08_INTEROPERABILITY_STACK_UMBRELLA_v0_1/NON_CLAIMS_AND_SCOPE.md	531	3be3f3d92e4fd45b9b24eabb507c3b5b628c34c9e14cfca025819d09554a4862	.md
component_packages/internal_human_docs/CCALC_DOC08_INTEROPERABILITY_STACK_UMBRELLA_v0_1/CCALC_DOC08_INTEROPERABILITY_STACK_UMBRELLA_v0_1/OPEN_ISSUES_AND_NEXT_STEPS.md	609	78cd87ffed88c6269c75fb5214b366b929cbb55013624f91e26a81e7d00f26ba	.md
component_packages/internal_human_docs/CCALC_DOC08_INTEROPERABILITY_STACK_UMBRELLA_v0_1/CCALC_DOC08_INTEROPERABILITY_STACK_UMBRELLA_v0_1/READING_ORDER.md	512	81c39e28f6c1b345271659448661efe52f9e41f986f18e1925fa5bef01acf493	.md
component_packages/internal_human_docs/CCALC_DOC08_INTEROPERABILITY_STACK_UMBRELLA_v0_1/CCALC_DOC08_INTEROPERABILITY_STACK_UMBRELLA_v0_1/README.md	499	07949bb478b04098ea6f3a8163cb13ed5a8a763d368bb08bdf69ad84cebba239	.md
component_packages/internal_human_docs/CCALC_DOC08_INTEROPERABILITY_STACK_UMBRELLA_v0_1/CCALC_DOC08_INTEROPERABILITY_STACK_UMBRELLA_v0_1/UMBRELLA_VERIFICATION_LOG.md	1333	2f374422b560761618397301db95a04f449b9341208f27e2830b759f0d82d463	.md
component_packages/internal_human_docs/CCALC_DOC_MAP_v1_0_REVIEW_RECORD__b_layer_claude/CCALC_DOC_MAP_v1_0_REVIEW_RECORD__b_layer_claude/CCALC_DOC_MAP_v1_0_REVIEW_RECORD__b_layer_claude.md	10968	6c760b30babae65bcfebd705709235de2078e64438a0a46214a67ed6f7a41625	.md
component_packages/internal_human_docs/CCALC_DOC_MAP_v1_0_REVIEW_RECORD__b_layer_claude/CCALC_DOC_MAP_v1_0_REVIEW_RECORD__b_layer_claude/FREEZE_BINDING_PROTOCOL_NOTE.md	584	d41741e3bf2ff2e5a0fc0fc6d97abd9b7561cec786cf5b2dcd19b592041fe4bf	.md
component_packages/internal_human_docs/CCALC_DOC_MAP_v1_0_REVIEW_RECORD__b_layer_claude/CCALC_DOC_MAP_v1_0_REVIEW_RECORD__b_layer_claude/README.md	685	1a25aa43541666e258e042eb5a0445e4d133fe70cd7ab8f6de3d235ee00bfb75	.md
component_packages/internal_human_docs/CCALC_EXTERNAL_REVIEW_CONFLICT_PATCH_LEDGER_08b_v0_1/CCALC_EXTERNAL_REVIEW_CONFLICT_PATCH_LEDGER_08b_v0_1/FREEZE_BINDING_PROTOCOL_NOTE.md	266	0a64a9a3b8f8655ea60b4f0224001d7c3f41efd287e13d7076811d4d94cbc23b	.md
component_packages/internal_human_docs/CCALC_EXTERNAL_REVIEW_CONFLICT_PATCH_LEDGER_08b_v0_1/CCALC_EXTERNAL_REVIEW_CONFLICT_PATCH_LEDGER_08b_v0_1/NON_CLAIMS_AND_SCOPE.md	345	08dd1f166cef9eb4fa3b816722c529b0b6438e8640eab7114c0b2ebdaa5458ef	.md
component_packages/internal_human_docs/CCALC_EXTERNAL_REVIEW_CONFLICT_PATCH_LEDGER_08b_v0_1/CCALC_EXTERNAL_REVIEW_CONFLICT_PATCH_LEDGER_08b_v0_1/OPEN_ISSUES_AND_NEXT_STEPS.md	414	7b2c9b6368650f2327a6c9558a3031ba747e68a2362af10418c601234698c24b	.md
component_packages/internal_human_docs/CCALC_EXTERNAL_REVIEW_CONFLICT_PATCH_LEDGER_08b_v0_1/CCALC_EXTERNAL_REVIEW_CONFLICT_PATCH_LEDGER_08b_v0_1/PACKAGE_VERIFICATION_LOG.md	354	860afe67bd2adc4b204cffa145a0dfb32ac730657b984603101b08a649688d54	.md
component_packages/internal_human_docs/CCALC_EXTERNAL_REVIEW_CONFLICT_PATCH_LEDGER_08b_v0_1/CCALC_EXTERNAL_REVIEW_CONFLICT_PATCH_LEDGER_08b_v0_1/READING_ORDER.md	332	a432b3c26b94f3d6dba919c42950bafbdeadb9557624fe6cc248b762b5c2e589	.md
component_packages/internal_human_docs/CCALC_EXTERNAL_REVIEW_CONFLICT_PATCH_LEDGER_08b_v0_1/CCALC_EXTERNAL_REVIEW_CONFLICT_PATCH_LEDGER_08b_v0_1/README.md	421	29dbfe04ada53a92a4b15b6f37e9e410c97729fa5b92de06bae4e9668cbc656d	.md
component_packages/internal_human_docs/CCALC_INTEROP_EXTERNAL_DISCLOSURE_TEST_VECTOR_08d_v0_1/CCALC_INTEROP_EXTERNAL_DISCLOSURE_TEST_VECTOR_08d_v0_1/FREEZE_BINDING_PROTOCOL_NOTE.md	212	8d4d676b29a0c2fb250b81e4c1a5b003bf58834b8694fbb63f63f546d0bc46b2	.md
component_packages/internal_human_docs/CCALC_INTEROP_EXTERNAL_DISCLOSURE_TEST_VECTOR_08d_v0_1/CCALC_INTEROP_EXTERNAL_DISCLOSURE_TEST_VECTOR_08d_v0_1/NON_CLAIMS_AND_SCOPE.md	366	f7ffaa324bff0fbe203a708a7ec966efc03ea3ccd8dcbb90e8f0792df223a861	.md
component_packages/internal_human_docs/CCALC_INTEROP_EXTERNAL_DISCLOSURE_TEST_VECTOR_08d_v0_1/CCALC_INTEROP_EXTERNAL_DISCLOSURE_TEST_VECTOR_08d_v0_1/OPEN_ISSUES_AND_NEXT_STEPS.md	284	7b9d196320de9f4c66448e4ffed60f2e94fdd8f403de7b40b0109cbb54d63d2f	.md
component_packages/internal_human_docs/CCALC_INTEROP_EXTERNAL_DISCLOSURE_TEST_VECTOR_08d_v0_1/CCALC_INTEROP_EXTERNAL_DISCLOSURE_TEST_VECTOR_08d_v0_1/PACKAGE_VERIFICATION_LOG.md	238	20ddbc44e18d0a1b8126db5c2cf2b3ec8811464735796e49a3c17d2c53d26d33	.md
component_packages/internal_human_docs/CCALC_INTEROP_EXTERNAL_DISCLOSURE_TEST_VECTOR_08d_v0_1/CCALC_INTEROP_EXTERNAL_DISCLOSURE_TEST_VECTOR_08d_v0_1/READING_ORDER.md	366	66b0dac66c825b387eb2e4b78ec90c828d81835d6ae713ee725925958450e548	.md
component_packages/internal_human_docs/CCALC_INTEROP_EXTERNAL_DISCLOSURE_TEST_VECTOR_08d_v0_1/CCALC_INTEROP_EXTERNAL_DISCLOSURE_TEST_VECTOR_08d_v0_1/README.md	380	d7d082a359d9c99f6221e99838a15a3abac13e0fc98358340d972c75a6b4a7ac	.md
component_packages/internal_human_docs/CCALC_INTEROP_IMPLEMENTATION_REPRODUCTION_08c_v0_1/CCALC_INTEROP_IMPLEMENTATION_REPRODUCTION_08c_v0_1/FREEZE_BINDING_PROTOCOL_NOTE.md	253	63f97e3777b6cff1ff3be197b4b82420d4fb697a3e0802afb4d329bc203644b1	.md
component_packages/internal_human_docs/CCALC_INTEROP_IMPLEMENTATION_REPRODUCTION_08c_v0_1/CCALC_INTEROP_IMPLEMENTATION_REPRODUCTION_08c_v0_1/NON_CLAIMS_AND_SCOPE.md	515	16412dc6d2f07524c8564c2d84283db8473325a446ecd3793bd179d548f0b3d6	.md
component_packages/internal_human_docs/CCALC_INTEROP_IMPLEMENTATION_REPRODUCTION_08c_v0_1/CCALC_INTEROP_IMPLEMENTATION_REPRODUCTION_08c_v0_1/OPEN_ISSUES_AND_NEXT_STEPS.md	403	aafad759d4eb86a7f9f3a5094ec9ac1dbb71405b48d43b1ef5fc29b9ae5804f9	.md
component_packages/internal_human_docs/CCALC_INTEROP_IMPLEMENTATION_REPRODUCTION_08c_v0_1/CCALC_INTEROP_IMPLEMENTATION_REPRODUCTION_08c_v0_1/PACKAGE_VERIFICATION_LOG.md	239	d104577a4f25716f04c1bdc6406a79bdca8fc663b3afd209cecd3fb113e72bb2	.md
component_packages/internal_human_docs/CCALC_INTEROP_IMPLEMENTATION_REPRODUCTION_08c_v0_1/CCALC_INTEROP_IMPLEMENTATION_REPRODUCTION_08c_v0_1/READING_ORDER.md	314	7f3ec5900076ea45462a7b485f615e500e11d9e9d6412b86dddf87b781a55a46	.md
component_packages/internal_human_docs/CCALC_INTEROP_IMPLEMENTATION_REPRODUCTION_08c_v0_1/CCALC_INTEROP_IMPLEMENTATION_REPRODUCTION_08c_v0_1/README.md	392	9210c70585e1e190d50806a16e1db7d051a45722018fd983c68689d9b2765063	.md
component_packages/internal_human_docs/CCALC_INTEROP_REVIEW_INTAKE_08a_v0_1/CCALC_INTEROP_REVIEW_INTAKE_08a_v0_1/FREEZE_BINDING_PROTOCOL_NOTE.md	266	0a64a9a3b8f8655ea60b4f0224001d7c3f41efd287e13d7076811d4d94cbc23b	.md
component_packages/internal_human_docs/CCALC_INTEROP_REVIEW_INTAKE_08a_v0_1/CCALC_INTEROP_REVIEW_INTAKE_08a_v0_1/NON_CLAIMS_AND_SCOPE.md	325	575375391e300662f805d74abe2225f21044154f28b102a48fb222b6bb053b8c	.md
component_packages/internal_human_docs/CCALC_INTEROP_REVIEW_INTAKE_08a_v0_1/CCALC_INTEROP_REVIEW_INTAKE_08a_v0_1/OPEN_ISSUES_AND_NEXT_STEPS.md	436	b476cfbe7c6a6f1ff7b92e8fd62f17c8b4bb7c25b68a5a4d32a3a05a07450f55	.md
component_packages/internal_human_docs/CCALC_INTEROP_REVIEW_INTAKE_08a_v0_1/CCALC_INTEROP_REVIEW_INTAKE_08a_v0_1/PACKAGE_VERIFICATION_LOG.md	335	8ac59cff375afc1e86f4e21444286f61b753f3fccbcfdd8b452c36aff6f7b5d9	.md
component_packages/internal_human_docs/CCALC_INTEROP_REVIEW_INTAKE_08a_v0_1/CCALC_INTEROP_REVIEW_INTAKE_08a_v0_1/READING_ORDER.md	311	4730bccc44f1ba2beb03559a72039e3a7a3bdc47fae8b7082883ac4cd269e7c1	.md
component_packages/internal_human_docs/CCALC_INTEROP_REVIEW_INTAKE_08a_v0_1/CCALC_INTEROP_REVIEW_INTAKE_08a_v0_1/README.md	361	0705c9d0791b348db999861b4bd1c746346b005c68549da58c5c1223b69377b3	.md
component_packages/internal_human_docs/CCALC_INTEROPERABILITY_REVIEW_INTAKE_08_v0_1/CCALC_INTEROPERABILITY_REVIEW_INTAKE_08_v0_1/FREEZE_BINDING_PROTOCOL_NOTE.md	324	a0723c08bb54fe0e7dbbb9bc565b47cf954baadbabf6bef4be3e00131aa87388	.md
component_packages/internal_human_docs/CCALC_INTEROPERABILITY_REVIEW_INTAKE_08_v0_1/CCALC_INTEROPERABILITY_REVIEW_INTAKE_08_v0_1/NON_CLAIMS_AND_SCOPE.md	632	8261df869f784f7806a291c157f011f70d75c522d80fedac48161f2b41c72527	.md
component_packages/internal_human_docs/CCALC_INTEROPERABILITY_REVIEW_INTAKE_08_v0_1/CCALC_INTEROPERABILITY_REVIEW_INTAKE_08_v0_1/OPEN_ISSUES_AND_NEXT_STEPS.md	1087	81ab19ecf7cea0f2590dab6d8eb447850d6f852676b32e5533ebea8f83fd268c	.md
component_packages/internal_human_docs/CCALC_INTEROPERABILITY_REVIEW_INTAKE_08_v0_1/CCALC_INTEROPERABILITY_REVIEW_INTAKE_08_v0_1/PACKAGE_VERIFICATION_LOG.md	1292	1b11dbe97e7f248c77062c8da85b452322131a9494b08ca4a92ab567ea5eeaea	.md
component_packages/internal_human_docs/CCALC_INTEROPERABILITY_REVIEW_INTAKE_08_v0_1/CCALC_INTEROPERABILITY_REVIEW_INTAKE_08_v0_1/READING_ORDER.md	662	937093eae76c0930c39fc72b617ab6fd764d4b638f8ce670adce07c136698121	.md
component_packages/internal_human_docs/CCALC_INTEROPERABILITY_REVIEW_INTAKE_08_v0_1/CCALC_INTEROPERABILITY_REVIEW_INTAKE_08_v0_1/README.md	580	219809bd6e842e386bebfb13105f422ec69492810cba68c4fc4dff0ae468aa0b	.md
component_packages/internal_human_docs/CCALC_MULTI_CONTOUR_HANDOFF_TOOL_LEASE_06b_v0_1/CCALC_MULTI_CONTOUR_HANDOFF_TOOL_LEASE_06b_v0_1/FREEZE_BINDING_PROTOCOL_NOTE.md	350	648f867264ded3422e7a96d50363b3360ca042c154334c96c6e831624be5920b	.md
component_packages/internal_human_docs/CCALC_MULTI_CONTOUR_HANDOFF_TOOL_LEASE_06b_v0_1/CCALC_MULTI_CONTOUR_HANDOFF_TOOL_LEASE_06b_v0_1/NON_CLAIMS_AND_SCOPE.md	338	e6f2764d6da0805a9c525790a2991cfd33abb70754a46f3f752811d5c2300e94	.md
component_packages/internal_human_docs/CCALC_MULTI_CONTOUR_HANDOFF_TOOL_LEASE_06b_v0_1/CCALC_MULTI_CONTOUR_HANDOFF_TOOL_LEASE_06b_v0_1/OPEN_ISSUES_AND_NEXT_STEPS.md	616	31e4a8c3d8c2c13e739a0ca122ae7b3d58dca657331a52be568e59ea49fd2366	.md
component_packages/internal_human_docs/CCALC_MULTI_CONTOUR_HANDOFF_TOOL_LEASE_06b_v0_1/CCALC_MULTI_CONTOUR_HANDOFF_TOOL_LEASE_06b_v0_1/PACKAGE_VERIFICATION_LOG.md	369	90201ba63af4ed2619a9bf09badc922b3f28b84bdc77640ab8bf5781c76151e5	.md
component_packages/internal_human_docs/CCALC_MULTI_CONTOUR_HANDOFF_TOOL_LEASE_06b_v0_1/CCALC_MULTI_CONTOUR_HANDOFF_TOOL_LEASE_06b_v0_1/READING_ORDER.md	338	602afabc78ebd88cc54286924d3036c16d2553d0a10872ea8adf3f144c95dd98	.md
component_packages/internal_human_docs/CCALC_MULTI_CONTOUR_HANDOFF_TOOL_LEASE_06b_v0_1/CCALC_MULTI_CONTOUR_HANDOFF_TOOL_LEASE_06b_v0_1/README.md	377	e46a8592375680e633b1f7dd4997d4d63f64c54c15ace2c856a140bc5b1d9c86	.md
component_packages/internal_human_docs/CCALC_PUBLIC_CORPUS_CITATION_SYNC_07d_v0_1/CCALC_PUBLIC_CORPUS_CITATION_SYNC_07d_v0_1/FREEZE_BINDING_PROTOCOL_NOTE.md	300	7c3f1d03731e6ccb464b064f8c8317515705b3b2870c722152960c597ed99716	.md
component_packages/internal_human_docs/CCALC_PUBLIC_CORPUS_CITATION_SYNC_07d_v0_1/CCALC_PUBLIC_CORPUS_CITATION_SYNC_07d_v0_1/NON_CLAIMS_AND_SCOPE.md	528	a31478967fc884e89f55438442a90c660b309732733bfe175c49d6c456bd95c1	.md
component_packages/internal_human_docs/CCALC_PUBLIC_CORPUS_CITATION_SYNC_07d_v0_1/CCALC_PUBLIC_CORPUS_CITATION_SYNC_07d_v0_1/OPEN_ISSUES_AND_NEXT_STEPS.md	645	93f360bff158b4ea883e8ef1b6630ae9ce2a28a62937201a84702b28a2d0c90f	.md
component_packages/internal_human_docs/CCALC_PUBLIC_CORPUS_CITATION_SYNC_07d_v0_1/CCALC_PUBLIC_CORPUS_CITATION_SYNC_07d_v0_1/PACKAGE_VERIFICATION_LOG.md	333	8d84ce13762dd5e885abb0a576b98be680b65c0f32ce525097d77614cadf4af2	.md
component_packages/internal_human_docs/CCALC_PUBLIC_CORPUS_CITATION_SYNC_07d_v0_1/CCALC_PUBLIC_CORPUS_CITATION_SYNC_07d_v0_1/READING_ORDER.md	382	037887255aa1c138c037b8d8c6ae4574a9a1ca7754211ff3af675f0033fa8a6b	.md
component_packages/internal_human_docs/CCALC_PUBLIC_CORPUS_CITATION_SYNC_07d_v0_1/CCALC_PUBLIC_CORPUS_CITATION_SYNC_07d_v0_1/README.md	400	c34496bff89ef27302c84fbc7054701ccac6a77de7e9234072fab2c32b3ec621	.md
component_packages/internal_human_docs/CCALC_PUBLIC_EVIDENCE_DISCLOSURE_MANIFEST_07a_v0_1/FREEZE_BINDING_PROTOCOL_NOTE.md	230	58de010f0093538fb41904de3a673713c7230ea47efc9f8d1de7dca2d31788ef	.md
component_packages/internal_human_docs/CCALC_PUBLIC_EVIDENCE_DISCLOSURE_MANIFEST_07a_v0_1/NON_CLAIMS_AND_SCOPE.md	509	5e6b5947bc7ed8d14fbdc502b8a52b470fac4f07d6a03733a59c93bac632537c	.md
component_packages/internal_human_docs/CCALC_PUBLIC_EVIDENCE_DISCLOSURE_MANIFEST_07a_v0_1/OPEN_ISSUES_AND_NEXT_STEPS.md	673	773e6facef17fa3e32ce54c1dc248a18b16d5a6c8ed49607ae880d422c155d1d	.md
component_packages/internal_human_docs/CCALC_PUBLIC_EVIDENCE_DISCLOSURE_MANIFEST_07a_v0_1/PACKAGE_VERIFICATION_LOG.md	432	5c20cb22de3b34ff6017ac376586b62214992d2230321a7d84c0f8c4587a5c1a	.md
component_packages/internal_human_docs/CCALC_PUBLIC_EVIDENCE_DISCLOSURE_MANIFEST_07a_v0_1/READING_ORDER.md	372	4953ba640f2b306433afd54e051080c3169a6a6947bcb50de937593c9561860c	.md
component_packages/internal_human_docs/CCALC_PUBLIC_EVIDENCE_DISCLOSURE_MANIFEST_07a_v0_1/README.md	509	c11c4dedcabb0cd8fac67c75fd57e8d4b442f7349d695aa8777c02a27c638789	.md
component_packages/internal_human_docs/CCALC_PUBLIC_EVIDENCE_REDACTION_BOUNDARY_07_v0_1/CCALC_PUBLIC_EVIDENCE_REDACTION_BOUNDARY_07_v0_1/FREEZE_BINDING_PROTOCOL_NOTE.md	366	54e82bd741b8f99df3831539f50d343eaa26186533a3f1a42742a725869bb279	.md
component_packages/internal_human_docs/CCALC_PUBLIC_EVIDENCE_REDACTION_BOUNDARY_07_v0_1/CCALC_PUBLIC_EVIDENCE_REDACTION_BOUNDARY_07_v0_1/NON_CLAIMS_AND_SCOPE.md	595	6ff811800e436bc2a011cf1416bbe6d04f02dade21a4514a7c4f87dc5cf02f0e	.md
component_packages/internal_human_docs/CCALC_PUBLIC_EVIDENCE_REDACTION_BOUNDARY_07_v0_1/CCALC_PUBLIC_EVIDENCE_REDACTION_BOUNDARY_07_v0_1/OPEN_ISSUES_AND_NEXT_STEPS.md	1096	997b6618f700d21913ca54a6d3b451d83af51ed06b32ec016bb683d852de9a37	.md
component_packages/internal_human_docs/CCALC_PUBLIC_EVIDENCE_REDACTION_BOUNDARY_07_v0_1/CCALC_PUBLIC_EVIDENCE_REDACTION_BOUNDARY_07_v0_1/PACKAGE_VERIFICATION_LOG.md	816	c35c80ba3c6f71e2acadb68adfc760f40191bbc236a5ee65a275d7297dc52b14	.md
component_packages/internal_human_docs/CCALC_PUBLIC_EVIDENCE_REDACTION_BOUNDARY_07_v0_1/CCALC_PUBLIC_EVIDENCE_REDACTION_BOUNDARY_07_v0_1/READING_ORDER.md	514	b9bd8213d6dbeb91d416da6d5367597dadf73d162f17109ac5a1a302abbbacfc	.md
component_packages/internal_human_docs/CCALC_PUBLIC_RELEASE_HASH_CUSTODY_07b_v0_1/CCALC_PUBLIC_RELEASE_HASH_CUSTODY_07b_v0_1/FREEZE_BINDING_PROTOCOL_NOTE.md	245	ea6bb5051b3d139278eabed37995c201a5763ef0a4ec1fddd1e0bab550ad07c3	.md
component_packages/internal_human_docs/CCALC_PUBLIC_RELEASE_HASH_CUSTODY_07b_v0_1/CCALC_PUBLIC_RELEASE_HASH_CUSTODY_07b_v0_1/NON_CLAIMS_AND_SCOPE.md	433	1726ab49b610c748f2642f9550e1ed751222b2fd69b04aa366caf81bd810e402	.md
component_packages/internal_human_docs/CCALC_PUBLIC_RELEASE_HASH_CUSTODY_07b_v0_1/CCALC_PUBLIC_RELEASE_HASH_CUSTODY_07b_v0_1/OPEN_ISSUES_AND_NEXT_STEPS.md	578	080372431e5264b4aba53fc08353bc853d8abe6a229d86dc17bbcb4e8f5f01ff	.md
component_packages/internal_human_docs/CCALC_PUBLIC_RELEASE_HASH_CUSTODY_07b_v0_1/CCALC_PUBLIC_RELEASE_HASH_CUSTODY_07b_v0_1/PACKAGE_VERIFICATION_LOG.md	367	bae06ba6ae2c80d30a03a09027bb835190133a07d56bb81c1087e8e5f2203cb5	.md
component_packages/internal_human_docs/CCALC_PUBLIC_RELEASE_HASH_CUSTODY_07b_v0_1/CCALC_PUBLIC_RELEASE_HASH_CUSTODY_07b_v0_1/READING_ORDER.md	339	7668c8d90ce05c354de46dfefe095fcd3d970ffbc4427f2e5efd19033b29f19c	.md
component_packages/internal_human_docs/CCALC_PUBLIC_RELEASE_HASH_CUSTODY_07b_v0_1/CCALC_PUBLIC_RELEASE_HASH_CUSTODY_07b_v0_1/README.md	311	0364945f991309e9cc099d7cdbb3d8ee7b13e520758463d7d42ecbcd7f20933b	.md
component_packages/internal_human_docs/CCALC_PUBLIC_RETRACTION_SUPERSESSION_ERRATA_07c_v0_1/CCALC_PUBLIC_RETRACTION_SUPERSESSION_ERRATA_07c_v0_1/FREEZE_BINDING_PROTOCOL_NOTE.md	197	70ef07913593ed7524f4b5d7c8ef35d3f6872815862aca706e9b2b81d4223c2a	.md
component_packages/internal_human_docs/CCALC_PUBLIC_RETRACTION_SUPERSESSION_ERRATA_07c_v0_1/CCALC_PUBLIC_RETRACTION_SUPERSESSION_ERRATA_07c_v0_1/NON_CLAIMS_AND_SCOPE.md	293	c20b7f72422f194be81910916cbaeca68d53b5b780f87210026f0f95c53a10ba	.md
component_packages/internal_human_docs/CCALC_PUBLIC_RETRACTION_SUPERSESSION_ERRATA_07c_v0_1/CCALC_PUBLIC_RETRACTION_SUPERSESSION_ERRATA_07c_v0_1/OPEN_ISSUES_AND_NEXT_STEPS.md	468	06f787faccde4af035778749a86391faf5bc8466daa87bd72c06f9ac40f1008c	.md
component_packages/internal_human_docs/CCALC_PUBLIC_RETRACTION_SUPERSESSION_ERRATA_07c_v0_1/CCALC_PUBLIC_RETRACTION_SUPERSESSION_ERRATA_07c_v0_1/PACKAGE_VERIFICATION_LOG.md	328	b4f71ab52043b703839cbe46dc951084f0b766ae70d447c966d128c7a6a02380	.md
component_packages/internal_human_docs/CCALC_PUBLIC_RETRACTION_SUPERSESSION_ERRATA_07c_v0_1/CCALC_PUBLIC_RETRACTION_SUPERSESSION_ERRATA_07c_v0_1/READING_ORDER.md	321	7a9dd5511afb8bd8190e19da3da6a58049c6b4cb69d091f2bf0e5d8756da7c66	.md
component_packages/internal_human_docs/CCALC_PUBLIC_RETRACTION_SUPERSESSION_ERRATA_07c_v0_1/CCALC_PUBLIC_RETRACTION_SUPERSESSION_ERRATA_07c_v0_1/README.md	468	09899257324b64a4ea64bf0676c39cd2656b2959d4dee85db88a9c5dd70679e8	.md
component_packages/internal_human_docs/CCALC_RUNTIME_AUTHORITY_BOUNDARY_06_v0_1/CCALC_RUNTIME_AUTHORITY_BOUNDARY_06_v0_1/FREEZE_BINDING_PROTOCOL_NOTE.md	264	bba4a101795ba2610cc62fedeb6069ee48e0e58d7a83161d833a37c3d0798073	.md
component_packages/internal_human_docs/CCALC_RUNTIME_AUTHORITY_BOUNDARY_06_v0_1/CCALC_RUNTIME_AUTHORITY_BOUNDARY_06_v0_1/NON_CLAIMS_AND_SCOPE.md	571	309b18617cb960b97968d431c34331abf5e0c8b98b753feb17c9e5a204c5d299	.md
component_packages/internal_human_docs/CCALC_RUNTIME_AUTHORITY_BOUNDARY_06_v0_1/CCALC_RUNTIME_AUTHORITY_BOUNDARY_06_v0_1/OPEN_ISSUES_AND_NEXT_STEPS.md	1010	764655c852a873ffe570e54b37695b1c54dfc7425da2c80fa64897b0ac1f2a5d	.md
component_packages/internal_human_docs/CCALC_RUNTIME_AUTHORITY_BOUNDARY_06_v0_1/CCALC_RUNTIME_AUTHORITY_BOUNDARY_06_v0_1/PACKAGE_VERIFICATION_LOG.md	1833	8ad4511f7f660b41e892b61e8e178c134843b02aac6d3db6976b83e8a637fad3	.md
component_packages/internal_human_docs/CCALC_RUNTIME_AUTHORITY_BOUNDARY_06_v0_1/CCALC_RUNTIME_AUTHORITY_BOUNDARY_06_v0_1/READING_ORDER.md	424	3866bad0d296b7fdbfa9f37bb40afc718d7ded4fd32a184e8a20f0e072108bbc	.md
component_packages/internal_human_docs/CCALC_RUNTIME_AUTHORITY_BOUNDARY_06_v0_1/CCALC_RUNTIME_AUTHORITY_BOUNDARY_06_v0_1/README.md	577	bd61fc5a9009e37db1d9274e48d35cde71ec40a50b79a13e80f1d30107bfa8f6	.md
component_packages/internal_human_docs/CCALC_RUNTIME_AUTHORITY_MANIFEST_06a_v0_1/CCALC_RUNTIME_AUTHORITY_MANIFEST_06a_v0_1/FREEZE_BINDING_PROTOCOL_NOTE.md	300	9e9470aa945abc59c5c05599d4b6888476a7005f82a1e25e623b76ab569c4002	.md
component_packages/internal_human_docs/CCALC_RUNTIME_AUTHORITY_MANIFEST_06a_v0_1/CCALC_RUNTIME_AUTHORITY_MANIFEST_06a_v0_1/NON_CLAIMS_AND_SCOPE.md	386	10a377642ed51f534919314b32b4235e297a87eb1da30f3a25d2a7ee9d237f87	.md
component_packages/internal_human_docs/CCALC_RUNTIME_AUTHORITY_MANIFEST_06a_v0_1/CCALC_RUNTIME_AUTHORITY_MANIFEST_06a_v0_1/OPEN_ISSUES_AND_NEXT_STEPS.md	635	e2e2ae933666e7c4e6725af08665aada73d3bf00cff54ecd3208e7968e5f9200	.md
component_packages/internal_human_docs/CCALC_RUNTIME_AUTHORITY_MANIFEST_06a_v0_1/CCALC_RUNTIME_AUTHORITY_MANIFEST_06a_v0_1/PACKAGE_VERIFICATION_LOG.md	559	cc6383af84d3ba8e51391785e445a4faf3a2008327b6bcb1ffdc73a337c57fd7	.md
component_packages/internal_human_docs/CCALC_RUNTIME_AUTHORITY_MANIFEST_06a_v0_1/CCALC_RUNTIME_AUTHORITY_MANIFEST_06a_v0_1/READING_ORDER.md	362	854949c0d410308bc609c87f5ad1f2355cec37a71a593ab8ef20962243f35be3	.md
component_packages/internal_human_docs/CCALC_RUNTIME_AUTHORITY_MANIFEST_06a_v0_1/CCALC_RUNTIME_AUTHORITY_MANIFEST_06a_v0_1/README.md	520	08d5f1be7d96bf29c9be1e5a827ed4757a6dc31738a14b6e3d64aa428fec4c65	.md
component_packages/internal_human_docs/CCALC_RUNTIME_AUTHORITY_REVOCATION_06d_v0_1/CCALC_RUNTIME_AUTHORITY_REVOCATION_06d_v0_1/FREEZE_BINDING_PROTOCOL_NOTE.md	232	6346d90c3a572118da23287514a7393d92ab5298da4e5875ac1fbdd28edb2ed9	.md
component_packages/internal_human_docs/CCALC_RUNTIME_AUTHORITY_REVOCATION_06d_v0_1/CCALC_RUNTIME_AUTHORITY_REVOCATION_06d_v0_1/NON_CLAIMS_AND_SCOPE.md	301	87b44e0e63014f6b88c426c9e3f1c421d5dd5cf710c5e17a1576be7a5ff41458	.md
component_packages/internal_human_docs/CCALC_RUNTIME_AUTHORITY_REVOCATION_06d_v0_1/CCALC_RUNTIME_AUTHORITY_REVOCATION_06d_v0_1/OPEN_ISSUES_AND_NEXT_STEPS.md	337	9defda522d4a7b16f1d26ad52d8ce40771999ed6f72a035df1aaa28913a5b695	.md
component_packages/internal_human_docs/CCALC_RUNTIME_AUTHORITY_REVOCATION_06d_v0_1/CCALC_RUNTIME_AUTHORITY_REVOCATION_06d_v0_1/PACKAGE_VERIFICATION_LOG.md	400	81d31fe59071bb356cc0386f9735ed22cf7a24bac05e3fd044ce740beb3c1376	.md
component_packages/internal_human_docs/CCALC_RUNTIME_AUTHORITY_REVOCATION_06d_v0_1/CCALC_RUNTIME_AUTHORITY_REVOCATION_06d_v0_1/READING_ORDER.md	369	a120215b4586f7362d804dbf53ed507403718a0a2af3844b57c546acb267885d	.md
component_packages/internal_human_docs/CCALC_RUNTIME_AUTHORITY_REVOCATION_06d_v0_1/CCALC_RUNTIME_AUTHORITY_REVOCATION_06d_v0_1/README.md	366	3272dc198fb15fe331d5f0e5cb320f7aa54b0092c3040237a57b2af9e56a62a6	.md
component_packages/internal_human_docs/CCALC_RUNTIME_SESSION_LEDGER_06c_v0_1/CCALC_RUNTIME_SESSION_LEDGER_06c_v0_1/FREEZE_BINDING_PROTOCOL_NOTE.md	240	3f72a491692063458b4402628a86949eb0f72c83c45167b8d3e6367c13cde333	.md
component_packages/internal_human_docs/CCALC_RUNTIME_SESSION_LEDGER_06c_v0_1/CCALC_RUNTIME_SESSION_LEDGER_06c_v0_1/NON_CLAIMS_AND_SCOPE.md	585	a48667e30f0965f11ad803127a4280f4945cf1f1f0966541ef8cb001ac4cae64	.md
component_packages/internal_human_docs/CCALC_RUNTIME_SESSION_LEDGER_06c_v0_1/CCALC_RUNTIME_SESSION_LEDGER_06c_v0_1/OPEN_ISSUES_AND_NEXT_STEPS.md	800	eed66f9241e58526a51b3ecf98004bc06481ed8bddf78e080bee735dad0f5d26	.md
component_packages/internal_human_docs/CCALC_RUNTIME_SESSION_LEDGER_06c_v0_1/CCALC_RUNTIME_SESSION_LEDGER_06c_v0_1/PACKAGE_VERIFICATION_LOG.md	816	5203b12364f8997ca1beb6d24d4ea25f6eaf78332320ce65b43d03f4ce321322	.md
component_packages/internal_human_docs/CCALC_RUNTIME_SESSION_LEDGER_06c_v0_1/CCALC_RUNTIME_SESSION_LEDGER_06c_v0_1/READING_ORDER.md	343	82772877433bf1d4a0440db1188fd6216dc156675fa2d7dd5597c9c037c5c35f	.md
component_packages/internal_human_docs/CCALC_RUNTIME_SESSION_LEDGER_06c_v0_1/CCALC_RUNTIME_SESSION_LEDGER_06c_v0_1/README.md	577	8260d23e0ab792bc848f08125acea6851b4762d03870cc6afbf3b482e6fdf59f	.md
component_packages/internal_human_docs/CCALC_SELF_EVO_BOUNDARY_HARDENING_05b_v0_1/CCALC_SELF_EVO_BOUNDARY_HARDENING_05b_v0_1/05b_SELF_EVO_BOUNDARY_FIXTURE_AND_MUTATION_HARDENING_v0_1.md	4737	baf8f58d5c23ab6faa03e7526e93c17d33abbf6575d7ffd6e737f21e3f4b56f3	.md
component_packages/internal_human_docs/CCALC_SELF_EVO_BOUNDARY_HARDENING_05b_v0_1/CCALC_SELF_EVO_BOUNDARY_HARDENING_05b_v0_1/FREEZE_BINDING_PROTOCOL_NOTE.md	240	f022b9811311107ce3b70becfb12e096874615df1a8b65bf5589d1678a2c4241	.md
component_packages/internal_human_docs/CCALC_SELF_EVO_BOUNDARY_HARDENING_05b_v0_1/CCALC_SELF_EVO_BOUNDARY_HARDENING_05b_v0_1/NON_CLAIMS_AND_SCOPE.md	324	a5919ac4d98905652b940fdd48e55fc1c95f9bc8dbda2ca121f410d8068e31ed	.md
component_packages/internal_human_docs/CCALC_SELF_EVO_BOUNDARY_HARDENING_05b_v0_1/CCALC_SELF_EVO_BOUNDARY_HARDENING_05b_v0_1/OPEN_ISSUES_AND_NEXT_STEPS.md	544	ea9d729911a3d14e8acf0927a0eeccedde53d2594b80d18c6b879663093beb16	.md
component_packages/internal_human_docs/CCALC_SELF_EVO_BOUNDARY_HARDENING_05b_v0_1/CCALC_SELF_EVO_BOUNDARY_HARDENING_05b_v0_1/PACKAGE_VERIFICATION_LOG.md	339	a3b900dfa5db091499b3911f3af35b8ee459a359a545ce8e19b6af09e3f0cd3b	.md
component_packages/internal_human_docs/CCALC_SELF_EVO_BOUNDARY_HARDENING_05b_v0_1/CCALC_SELF_EVO_BOUNDARY_HARDENING_05b_v0_1/READING_ORDER.md	338	329bce4dd26545831355a74fb9d98fd8758642be7fce82dd42b9f32fdf210b23	.md
component_packages/internal_human_docs/CCALC_SELF_EVO_BOUNDARY_HARDENING_05b_v0_1/CCALC_SELF_EVO_BOUNDARY_HARDENING_05b_v0_1/README.md	305	1a6c03e8977793f7241b3c4f9c6eb56fa84944c24ecc67ea47aa0cec6402358a	.md
component_packages/internal_human_docs/CCALC_SELF_EVO_POST_PROMOTION_WATCH_05d_v0_1/CCALC_SELF_EVO_POST_PROMOTION_WATCH_05d_v0_1/FREEZE_BINDING_PROTOCOL_NOTE.md	275	984db95eeb36a1d425ab86713a402e9ae351e27b47292f7882afde28b1bfc4fd	.md
component_packages/internal_human_docs/CCALC_SELF_EVO_POST_PROMOTION_WATCH_05d_v0_1/CCALC_SELF_EVO_POST_PROMOTION_WATCH_05d_v0_1/NON_CLAIMS_AND_SCOPE.md	412	f9cb9da55aad052b7dc57aa0c702d898052819f0ce69e7de468fbc8f2472d6c0	.md
component_packages/internal_human_docs/CCALC_SELF_EVO_POST_PROMOTION_WATCH_05d_v0_1/CCALC_SELF_EVO_POST_PROMOTION_WATCH_05d_v0_1/OPEN_ISSUES_AND_NEXT_STEPS.md	452	f6b2aa567513c659006766e6ed3d9b0d2ac0dd1c2c1d3dc329551d4f97411167	.md
component_packages/internal_human_docs/CCALC_SELF_EVO_POST_PROMOTION_WATCH_05d_v0_1/CCALC_SELF_EVO_POST_PROMOTION_WATCH_05d_v0_1/PACKAGE_VERIFICATION_LOG.md	516	cf23cdef3cc63de4a61d138e2bb82bcb0c8d17e4e5322f56b00fef9b9ffac89d	.md
component_packages/internal_human_docs/CCALC_SELF_EVO_POST_PROMOTION_WATCH_05d_v0_1/CCALC_SELF_EVO_POST_PROMOTION_WATCH_05d_v0_1/READING_ORDER.md	338	46d5bbca8116e6750d15c5f4f1ffa3fecafc5a4d1a1d9c51143e7670668cee11	.md
component_packages/internal_human_docs/CCALC_SELF_EVO_POST_PROMOTION_WATCH_05d_v0_1/CCALC_SELF_EVO_POST_PROMOTION_WATCH_05d_v0_1/README.md	617	4d69aae72f23aa61b96acf4b41b404e26211a95ae36a7e2dce166cdb139de67b	.md
component_packages/internal_human_docs/CCALC_SELF_EVO_PROMOTION_LEDGER_05c_v0_1/CCALC_SELF_EVO_PROMOTION_LEDGER_05c_v0_1/05c_SELF_EVO_PROMOTION_LEDGER_AND_ROLLBACK_DRILL_v0_1.md	4060	f0bf5865da578225f340063b7264c530ec51e666d5975b3b830e9f3b67c175c9	.md
component_packages/internal_human_docs/CCALC_SELF_EVO_PROMOTION_LEDGER_05c_v0_1/CCALC_SELF_EVO_PROMOTION_LEDGER_05c_v0_1/FREEZE_BINDING_PROTOCOL_NOTE.md	201	c5e3ecfb4a1340e25026ae7fe022872649f9c4105c4ed6455d879404a320b374	.md
component_packages/internal_human_docs/CCALC_SELF_EVO_PROMOTION_LEDGER_05c_v0_1/CCALC_SELF_EVO_PROMOTION_LEDGER_05c_v0_1/NON_CLAIMS_AND_SCOPE.md	306	9e993e1c1dfabd1a0d93e99613ba5ab18c41c1515e405f6a6f19f6714b233d7e	.md
component_packages/internal_human_docs/CCALC_SELF_EVO_PROMOTION_LEDGER_05c_v0_1/CCALC_SELF_EVO_PROMOTION_LEDGER_05c_v0_1/OPEN_ISSUES_AND_NEXT_STEPS.md	322	a284102edbbc74dbde933afa3c3caf40a1d701c06b4d635bf92c07bb0557f27a	.md
component_packages/internal_human_docs/CCALC_SELF_EVO_PROMOTION_LEDGER_05c_v0_1/CCALC_SELF_EVO_PROMOTION_LEDGER_05c_v0_1/PACKAGE_VERIFICATION_LOG.md	239	8b8dfb725c1c7af89ce7eeebe5cd1f9c19b31249e03160cb9dc953928a1e83e0	.md
component_packages/internal_human_docs/CCALC_SELF_EVO_PROMOTION_LEDGER_05c_v0_1/CCALC_SELF_EVO_PROMOTION_LEDGER_05c_v0_1/READING_ORDER.md	255	da00405a5011781e3224b2bd9af77f938ddd985d65fbafc940ac8fbd876e2c4d	.md
component_packages/internal_human_docs/CCALC_SELF_EVO_PROMOTION_LEDGER_05c_v0_1/CCALC_SELF_EVO_PROMOTION_LEDGER_05c_v0_1/README.md	401	0ea752b705eea60c39e904d1146fe7a6ec06dfbf39930137ab2e0209103af0b7	.md
component_packages/internal_human_docs/CCALC_SELF_EVO_PROPOSAL_PACKET_05a_v0_1/CCALC_SELF_EVO_PROPOSAL_PACKET_05a_v0_1/05a_SELF_EVO_PROPOSAL_PACKET_SCHEMA_AND_CHECKER_SEED_v0_1.md	9221	ec3a41567c97dd5c718ac058c192f9c007eb094819a94cf219587419ee6ea5bb	.md
component_packages/internal_human_docs/CCALC_SELF_EVO_PROPOSAL_PACKET_05a_v0_1/CCALC_SELF_EVO_PROPOSAL_PACKET_05a_v0_1/FREEZE_BINDING_PROTOCOL_NOTE.md	252	2acc4cc349586acd7c0719bb98065c94e2db255d60db114510b33757f4a2a065	.md
component_packages/internal_human_docs/CCALC_SELF_EVO_PROPOSAL_PACKET_05a_v0_1/CCALC_SELF_EVO_PROPOSAL_PACKET_05a_v0_1/NON_CLAIMS_AND_SCOPE.md	376	ca30118f64a6a3fb66ba27640e770d0104a0811ef04c7ebdc9a640dc50c008af	.md
component_packages/internal_human_docs/CCALC_SELF_EVO_PROPOSAL_PACKET_05a_v0_1/CCALC_SELF_EVO_PROPOSAL_PACKET_05a_v0_1/OPEN_ISSUES_AND_NEXT_STEPS.md	482	897cbc5be714d530f234a597f3f30191f377f11240d6bd129d906f74b5ec3e28	.md
component_packages/internal_human_docs/CCALC_SELF_EVO_PROPOSAL_PACKET_05a_v0_1/CCALC_SELF_EVO_PROPOSAL_PACKET_05a_v0_1/PACKAGE_VERIFICATION_LOG.md	4341	00e98b8aa12a69706616d2b78935bbd0914748782460e5d7f0de7989c751d61f	.md
component_packages/internal_human_docs/CCALC_SELF_EVO_PROPOSAL_PACKET_05a_v0_1/CCALC_SELF_EVO_PROPOSAL_PACKET_05a_v0_1/READING_ORDER.md	307	3c12dc7c5406efa90edb2c01097a570ed12517afb85524ffcfd273e9a02578ac	.md
component_packages/internal_human_docs/CCALC_SELF_EVO_PROPOSAL_PACKET_05a_v0_1/CCALC_SELF_EVO_PROPOSAL_PACKET_05a_v0_1/README.md	326	b8a08ef4345ca435b1ea2f8c7968d85398766db17c64af9b0a0be40f7836ffb6	.md
component_packages/internal_human_docs/CCALC_SELF_EVOLUTION_GATE_05_v0_1/CCALC_SELF_EVOLUTION_GATE_05_v0_1/FREEZE_BINDING_PROTOCOL_NOTE.md	265	ae2760cff4336624b77ea1327fb1f12bbb7258e1b39be69978247ba845ea15d3	.md
component_packages/internal_human_docs/CCALC_SELF_EVOLUTION_GATE_05_v0_1/CCALC_SELF_EVOLUTION_GATE_05_v0_1/NON_CLAIMS_AND_SCOPE.md	556	4af0454884af1dd81a846816892ea5930eb22a8a03cce798072c990295c4d19b	.md
component_packages/internal_human_docs/CCALC_SELF_EVOLUTION_GATE_05_v0_1/CCALC_SELF_EVOLUTION_GATE_05_v0_1/OPEN_ISSUES_AND_NEXT_STEPS.md	735	5e62d4aad9a66b61afaf101960a7b654486937b362410ab167c4cf81f8fa4a3d	.md
component_packages/internal_human_docs/CCALC_SELF_EVOLUTION_GATE_05_v0_1/CCALC_SELF_EVOLUTION_GATE_05_v0_1/PACKAGE_VERIFICATION_LOG.md	597	ecce5486387b855310cef3b165474f1c29d84c96d7682ca78bb84fbac32d9c26	.md
component_packages/internal_human_docs/CCALC_SELF_EVOLUTION_GATE_05_v0_1/CCALC_SELF_EVOLUTION_GATE_05_v0_1/READING_ORDER.md	617	3815b4ffbf99596b7fb23ef7400a01a6bd96b9fc5697ca146a7cd540d36dc485	.md
component_packages/internal_human_docs/CCALC_SELF_EVOLUTION_GATE_05_v0_1/CCALC_SELF_EVOLUTION_GATE_05_v0_1/README.md	514	3192b3580190a9911cb4dbdf20725df34e54956e887ba6f1e152fe62e96c1b33	.md
component_packages/internal_human_docs/CCALC_WITNESS_CHAIN_DOC_MAP_v1_2/CCALC_WITNESS_CHAIN_DOC_MAP_v1_2/CCALC_DOC_MAP_v1_2_REVIEW_RECORD__b_layer.md	856	0e7e624e8688916cafecae068ae73aa7cf9e38352ad0918c88deecc2aaead9f5	.md
component_packages/internal_human_docs/CCALC_WITNESS_CHAIN_DOC_MAP_v1_2/CCALC_WITNESS_CHAIN_DOC_MAP_v1_2/CCALC_WITNESS_CHAIN_DOC_MAP_v1_2.md	8907	c1b7235bdff350fd84b0f83bd708803c5027a6a55f6827740b72dcd0d4f085d0	.md
component_packages/internal_human_docs/CCALC_WITNESS_CHAIN_DOC_MAP_v1_2/CCALC_WITNESS_CHAIN_DOC_MAP_v1_2/DM01_DECISION_A2_REFERENCE_POLICY.md	909	bdcdf4ce48fd413060dcbbb9261cc152f4b29a1ee82f51e763347ba6904b0cc5	.md
component_packages/internal_human_docs/CCALC_WITNESS_CHAIN_DOC_MAP_v1_2/CCALC_WITNESS_CHAIN_DOC_MAP_v1_2/doc_map_reviews/CCALC_DOC_MAP_v1_0_REVIEW_RECORD__b_layer_claude.md	10968	6c760b30babae65bcfebd705709235de2078e64438a0a46214a67ed6f7a41625	.md
component_packages/internal_human_docs/CCALC_WITNESS_CHAIN_DOC_MAP_v1_2/CCALC_WITNESS_CHAIN_DOC_MAP_v1_2/doc_map_reviews/FREEZE_BINDING_PROTOCOL_NOTE.md	584	d41741e3bf2ff2e5a0fc0fc6d97abd9b7561cec786cf5b2dcd19b592041fe4bf	.md
component_packages/internal_human_docs/CCALC_WITNESS_CHAIN_DOC_MAP_v1_2/CCALC_WITNESS_CHAIN_DOC_MAP_v1_2/doc_map_reviews/README.md	685	1a25aa43541666e258e042eb5a0445e4d133fe70cd7ab8f6de3d235ee00bfb75	.md
component_packages/internal_human_docs/CCALC_WITNESS_CHAIN_DOC_MAP_v1_2/CCALC_WITNESS_CHAIN_DOC_MAP_v1_2/MISSING_OR_EXTERNAL_RECORDS.md	1102	9feb45acb03686e2790834b2bcbbdf7950ee9725ba8e5ece7b5b4ff1dd11c6a4	.md
component_packages/internal_human_docs/CCALC_WITNESS_CHAIN_DOC_MAP_v1_2/CCALC_WITNESS_CHAIN_DOC_MAP_v1_2/NON_CLAIMS_AND_SCOPE.md	805	31e6bea2586ebcb5a790b55834ccbe36ca85239eaa71d1706374f06a54a543be	.md
component_packages/internal_human_docs/CCALC_WITNESS_CHAIN_DOC_MAP_v1_2/CCALC_WITNESS_CHAIN_DOC_MAP_v1_2/PACKAGE_AUDIT_v1_2.md	487	093797c58754f922ab110ef3490b50a746679521afab08d1cf490dc11190dc62	.md
component_packages/internal_human_docs/CCALC_WITNESS_CHAIN_DOC_MAP_v1_2/CCALC_WITNESS_CHAIN_DOC_MAP_v1_2/README.md	790	c5f68d0778ec229d19b5af47a89507317167f77a1543a0454d64d43b44b4a63e	.md
component_packages/internal_human_docs/CCALC_WITNESS_CHAIN_DOC_MAP_v1_2/CCALC_WITNESS_CHAIN_DOC_MAP_v1_2/RECORD_HASH_PROTOCOL.md	1055	f7ccaaa0c3ab25d514732f333310078b11bd05c906f144b0adba09954eb5b75e	.md
component_packages/internal_human_docs/CCALC_WITNESS_CHAIN_DOC_MAP_v1_2/CCALC_WITNESS_CHAIN_DOC_MAP_v1_2/records/CCALC_CHECKER_v0_1_REVIEW_RECORD__b_layer_claude.md	17911	c1ed4118a4fb82b864269e19ffa20605c32431eda4b55fd5054171e448669c0c	.md
component_packages/internal_human_docs/CCALC_WITNESS_CHAIN_DOC_MAP_v1_2/CCALC_WITNESS_CHAIN_DOC_MAP_v1_2/records/CCALC_CHECKER_v0_2_REVIEW_RECORD__b_layer_claude.md	13817	4bf312372ad0728acaed9c40530ca2df2dc845b22fe03e2c53be890f88a05fe1	.md
component_packages/internal_human_docs/CCALC_WITNESS_CHAIN_DOC_MAP_v1_2/CCALC_WITNESS_CHAIN_DOC_MAP_v1_2/records/CCALC_CHECKER_v0_3_REVIEW_RECORD__b_layer_claude.md	13627	6169fd55c248de0417435955c496fda722e463008838122b066fbc1e973f0c16	.md
component_packages/internal_human_docs/CCALC_WITNESS_CHAIN_DOC_MAP_v1_2/CCALC_WITNESS_CHAIN_DOC_MAP_v1_2/records/CCALC_CHECKER_v0_4_REVIEW_RECORD__b_layer_claude.md	13693	9a17ae1fe1a90e52c3ec578148a25bfd74ea0a76f6232a9d4f194324dc482d63	.md
component_packages/internal_human_docs/CCALC_WITNESS_CHAIN_DOC_MAP_v1_2/CCALC_WITNESS_CHAIN_DOC_MAP_v1_2/records/CCALC_CHECKER_v0_5_REVIEW_RECORD__b_layer_claude.md	13815	095ed0ad510bb2b9112222df895d5a01b8ca346cac723e34a32cbb5e6deed02b	.md
component_packages/internal_human_docs/CCALC_WITNESS_CHAIN_DOC_MAP_v1_2/CCALC_WITNESS_CHAIN_DOC_MAP_v1_2/records/CCALC_CHECKER_v0_6_REVIEW_RECORD__b_layer_claude.md	14259	015e4b21d47981acdeaf0343e2fd1726c9e69e8ebad28c8d444e9bb7a2840f32	.md
component_packages/internal_human_docs/CCALC_WITNESS_CHAIN_DOC_MAP_v1_2/CCALC_WITNESS_CHAIN_DOC_MAP_v1_2/records/CCALC_CHECKER_v0_7_REVIEW_RECORD__b_layer_claude.md	11744	82674f95e10621dad542ab6fc3e07078b2ffae4c6b06c0beb3192b8bdba3efd6	.md
component_packages/internal_human_docs/CCALC_WITNESS_CHAIN_DOC_MAP_v1_2/CCALC_WITNESS_CHAIN_DOC_MAP_v1_2/records/CCALC_CHECKER_v0_8_REVIEW_RECORD__b_layer_claude.md	15732	34f3821a1814217ad5173c55102fba97964b4b28f1e4adce5ca7685b637a3287	.md
component_packages/internal_human_docs/CCALC_WITNESS_CHAIN_DOC_MAP_v1_2/CCALC_WITNESS_CHAIN_DOC_MAP_v1_2/records/CCALC_CHECKER_v0_9_REVIEW_RECORD__b_layer_claude.md	14568	13e21fd7c7e8ca834bcd90fb8a00073025e4397180fb4edc30271f351f7147a5	.md
component_packages/internal_human_docs/CCALC_WITNESS_CHAIN_DOC_MAP_v1_2/CCALC_WITNESS_CHAIN_DOC_MAP_v1_2/records/CCALC_CHECKER_v1_0_REVIEW_RECORD__b_layer_claude.md	14104	31350558b262a20342193a384445687c82589870f5514f42d58e7d7715ad8340	.md
component_packages/internal_human_docs/CCALC_WITNESS_CHAIN_DOC_MAP_v1_2/CCALC_WITNESS_CHAIN_DOC_MAP_v1_2/records/CCALC_CHECKER_v1_1_REVIEW_RECORD__b_layer_claude.md	13961	d284db1b8ad18b29ad9fed510cea80556017e50e29b371b8313c4becfd222a49	.md
component_packages/internal_human_docs/CCALC_WITNESS_CHAIN_DOC_MAP_v1_2/CCALC_WITNESS_CHAIN_DOC_MAP_v1_2/records/CCALC_CHECKER_v1_2_REVIEW_RECORD__b_layer_claude.md	15057	fc44499e9571249a7cbd27eeba5435cdc610430f508c54cf714fd829af9069ce	.md
component_packages/internal_human_docs/CCALC_WITNESS_CHAIN_DOC_MAP_v1_2/CCALC_WITNESS_CHAIN_DOC_MAP_v1_2/records/CCALC_CHECKER_v1_3_INTEGRATION_RECORD__b_layer_claude.md	17252	0b8fe68c16fd0c869b8a1575e9cd94bd48ca4a5590aee528326370940c1f9845	.md
component_packages/internal_human_docs/CCALC_WITNESS_CHAIN_DOC_MAP_v1_2/CCALC_WITNESS_CHAIN_DOC_MAP_v1_2/records/CCALC_CHECKER_v1_4_INTEGRATION_RECORD__b_layer_claude.md	15298	77bc1752dd5bd9f450256beb6fd35b2548ffb77a108620275e895d5f6f36824e	.md
component_packages/internal_human_docs/CCALC_WITNESS_CHAIN_DOC_MAP_v1_2/CCALC_WITNESS_CHAIN_DOC_MAP_v1_2/records/CCALC_CHECKER_v1_5_INTEGRATION_RECORD__b_layer_claude.md	15539	e13239d0e0736cf81d74f8bf0f3f5c3c4c759db9a837ce617a1c15245999b3e4	.md
component_packages/internal_human_docs/CCALC_WITNESS_CHAIN_DOC_MAP_v1_2/CCALC_WITNESS_CHAIN_DOC_MAP_v1_2/records/CCALC_CHECKER_v1_6_INTEGRATION_RECORD__b_layer_claude.md	14686	e9ea718a7589b3790e16d2cc6faaf280409c7badd9c18411563686c57fd968d1	.md
component_packages/internal_human_docs/CCALC_WITNESS_CHAIN_DOC_MAP_v1_2/CCALC_WITNESS_CHAIN_DOC_MAP_v1_2/records/CCALC_CHECKER_v1_7_INTEGRATION_RECORD__b_layer_claude.md	6872	89b7c1beab2620a48052f5f689c5364365eacba7e109c4ade4a4c78e1d3135d9	.md
component_packages/internal_human_docs/CCALC_WITNESS_CHAIN_DOC_MAP_v1_2/CCALC_WITNESS_CHAIN_DOC_MAP_v1_2/records/CCALC_CHECKER_v1_8_INTEGRATION_RECORD__b_layer_claude.md	7285	7e881a517c2a7e8545c269e8154b21ab10d281b611e88a29e75202fb5fba8bd6	.md
component_packages/internal_human_docs/CCALC_WITNESS_CHAIN_DOC_MAP_v1_2/CCALC_WITNESS_CHAIN_DOC_MAP_v1_2/records/CCALC_CHECKER_v1_9_INTEGRATION_RECORD__b_layer_claude.md	7773	f253cfce9161b352655f34ebc5afd55896772f7d6f0c620f225c97bbcd228aca	.md
component_packages/internal_human_docs/CCALC_WITNESS_CHAIN_DOC_MAP_v1_2/CCALC_WITNESS_CHAIN_DOC_MAP_v1_2/records/CCALC_CHECKER_v2_0_INTEGRATION_RECORD__b_layer_claude.md	15697	ef8b41d44c6420de2aac8ead1104d582f444932a643f9bf40124b8264672239c	.md
component_packages/internal_human_docs/CCALC_WITNESS_CHAIN_DOC_MAP_v1_2/CCALC_WITNESS_CHAIN_DOC_MAP_v1_2/records/CCALC_CHECKER_v2_1_INTEGRATION_RECORD__b_layer_claude.md	15292	4a2532413be857d736886659975e1dd0f9f158e7b443e5a598fb4281f3c6c8fd	.md
component_packages/internal_human_docs/CCALC_WITNESS_CHAIN_DOC_MAP_v1_2/CCALC_WITNESS_CHAIN_DOC_MAP_v1_2/records/GBOP_02_v0_1_3_REVIEW_RECORD__b_layer_claude.md	13420	3e03d0f0125781692bc9e32e1f8008fdde84cd4dcf945a1173db87be3676adb7	.md
component_packages/internal_human_docs/CCALC_WITNESS_CHAIN_DOC_MAP_v1_2/CCALC_WITNESS_CHAIN_DOC_MAP_v1_2/records/GBOP_02_v0_1_4_REVIEW_RECORD__b_layer_claude.md	13749	fed5be0ba2c994da50bd9ce31e5926f8262f3758cd38c1a47c0363840607b6a5	.md
component_packages/internal_human_docs/CCALC_WITNESS_CHAIN_DOC_MAP_v1_2/CCALC_WITNESS_CHAIN_DOC_MAP_v1_2/records/GBOP_02_v0_1_5_REVIEW_RECORD__b_layer_claude.md	14153	a1b8e531c68d4534ff8366b27e8db2cbad4e3a5b30d2a6d12d3fc56a9ae66dcd	.md
component_packages/internal_human_docs/CCALC_WITNESS_CHAIN_DOC_MAP_v1_2/CCALC_WITNESS_CHAIN_DOC_MAP_v1_2/records/GBOP_02_v0_1_REVIEW_RECORD__b_layer_claude.md	14898	139f1b1c634c5c13ea233ac8876c6613d23ce17933b42aa82d16fdd148caadc5	.md
component_packages/internal_human_docs/CCALC_WITNESS_CHAIN_DOC_MAP_v1_2/CCALC_WITNESS_CHAIN_DOC_MAP_v1_2/records/TGOPA_C_v0_1_1_REVIEW_RECORD__b_layer_claude.md	14671	dde66fd42cc6b6e4810a220892daf3f91e95131e8a420b4ef4962e05a80c7c39	.md
component_packages/internal_human_docs/CCALC_WITNESS_CHAIN_DOC_MAP_v1_2/CCALC_WITNESS_CHAIN_DOC_MAP_v1_2/records/TGOPA_C_v0_1_2_REVIEW_RECORD__b_layer_claude.md	14949	866f77244bd584e4b60eaf8fb2dae14e9a5c1ed984c9a4ff203e91487af9aac4	.md
component_packages/internal_human_docs/CCALC_WITNESS_CHAIN_DOC_MAP_v1_2/CCALC_WITNESS_CHAIN_DOC_MAP_v1_2/records/TGOPA_C_v0_1_3_REVIEW_RECORD__b_layer_claude.md	13144	0991fd8fd95d2fc2de7e3fffc8ab22ea11927e6adca1ff0f0f54958744b5c774	.md
component_packages/internal_human_docs/CCALC_WITNESS_CHAIN_DOC_MAP_v1_2/CCALC_WITNESS_CHAIN_DOC_MAP_v1_2/records/TGOPA_C_v0_1_4_REVIEW_RECORD__b_layer_claude.md	13043	ff777ed363b5ee52bdba7b74626137d4b035dc104fe27294a3182c938977363b	.md
component_packages/internal_human_docs/CCALC_WITNESS_CHAIN_DOC_MAP_v1_2/CCALC_WITNESS_CHAIN_DOC_MAP_v1_2/records/TGOPA_C_v0_1_5_REVIEW_RECORD__b_layer_claude.md	15320	3cdb09906232514dcca8fc2b838cdf90eb6daf469e2de149e05f1f5091fe7eac	.md
component_packages/internal_human_docs/CCALC_WITNESS_CHAIN_DOC_MAP_v1_2/CCALC_WITNESS_CHAIN_DOC_MAP_v1_2/records/TGOPA_C_v0_1_7_REVIEW_RECORD__b_layer_claude.md	13165	c85e329c75276bb644149c748007379aa9064411cbc245b96ba1ff0877d28abe	.md
component_packages/internal_human_docs/CCALC_WITNESS_CHAIN_DOC_MAP_v1_2/CCALC_WITNESS_CHAIN_DOC_MAP_v1_2/records/TGOPA_C_v0_1_REVIEW_RECORD__b_layer_claude.md	12140	324beab131df00a7f787f484b824d85e0f9cdfa51592162ed50cf4c6b9ca171b	.md
component_packages/internal_human_docs/CCALC_WITNESS_CHAIN_DOC_MAP_v1_2/CCALC_WITNESS_CHAIN_DOC_MAP_v1_2/RECOVERED_LOCAL_TEXT_RECORDS.md	1144	00c624a8769d322b387db95735dd46f4201ffc6ce6e7dc1103960e6b0dab4faa	.md
component_packages/internal_human_docs/CCALC_WITNESS_CHAIN_DOC_MAP_v1_2/CCALC_WITNESS_CHAIN_DOC_MAP_v1_2/STATUS_SUMMARY.md	480	981caf11d312903a92dfd1bcadfd78a250c8609593aaed5f1b3070d53d83582d	.md
component_packages/internal_human_docs/DOC03_C_STATE_TRANSITION_v0_1_2_REVIEW_RECORD__b_layer_claude/DOC03_C_STATE_TRANSITION_v0_1_2_REVIEW_RECORD__b_layer_claude/DOC03_C_STATE_TRANSITION_v0_1_2_REVIEW_RECORD__b_layer_claude.md	8550	545373e7527e2ecde5827c78416ed74df787c1265b1a230300edddece5da431b	.md
component_packages/internal_human_docs/DOC03_C_STATE_TRANSITION_v0_1_2_REVIEW_RECORD__b_layer_claude/DOC03_C_STATE_TRANSITION_v0_1_2_REVIEW_RECORD__b_layer_claude/FREEZE_BINDING_PROTOCOL_NOTE.md	280	bb463087938aaa10f8bf37e7a8f3be1a43ecbe1c6b4207d33bf66185109dffe6	.md
component_packages/internal_human_docs/DOC03_C_STATE_TRANSITION_v0_1_2_REVIEW_RECORD__b_layer_claude/DOC03_C_STATE_TRANSITION_v0_1_2_REVIEW_RECORD__b_layer_claude/README.md	579	3f556ae81b40f6114363cc713d53986b061816f9bacb67cef6c3f1668842e2aa	.md
component_packages/internal_human_docs/DOC04_C_CONTINUITY_METRIC_v0_1_1_REVIEW_RECORD__b_layer_claude/DOC04_C_CONTINUITY_METRIC_v0_1_1_REVIEW_RECORD__b_layer_claude/DOC04_C_CONTINUITY_METRIC_v0_1_1_REVIEW_RECORD__b_layer_claude.md	15351	5842ee14ca419cfd9e491aa99efdd6720e6140d170d1041207528d598a244d78	.md
component_packages/internal_human_docs/DOC04_C_CONTINUITY_METRIC_v0_1_1_REVIEW_RECORD__b_layer_claude/DOC04_C_CONTINUITY_METRIC_v0_1_1_REVIEW_RECORD__b_layer_claude/FREEZE_BINDING_PROTOCOL_NOTE.md	280	bb463087938aaa10f8bf37e7a8f3be1a43ecbe1c6b4207d33bf66185109dffe6	.md
component_packages/internal_human_docs/DOC04_C_CONTINUITY_METRIC_v0_1_1_REVIEW_RECORD__b_layer_claude/DOC04_C_CONTINUITY_METRIC_v0_1_1_REVIEW_RECORD__b_layer_claude/README.md	448	4df742864dbe0c3fba46182fa9638787ca75bc46c7e606ccec2c889c637f9ff8	.md
component_packages/INTERNAL_ZIP_DOCS_MANIFEST.tsv	82440	b354967453275aa44c6f4239baad38022cd55722af0c910499145ab10cab11ee	.tsv
component_sidecars/corrected/01_TYPED_GOVERNED_OPERATIONAL_ALGEBRA_FOR_C_v0_1_7.md.sha256	120	708c657cc285766f3a83edc8a3e2b3deecbdd968b38bd4a21c16129f5f8c5159	.sha256
component_sidecars/corrected/02_GOVERNED_BINDING_OPERATOR_PROFILE_v0_1_5.md.sha256	113	ce49f480f93f7701a27e2ac440b243a39009ae9f1a4200480908873afba35325	.sha256
component_sidecars/corrected/03_C_STATE_AND_TRANSITION_SEMANTICS_v0_1_2.md.sha256	112	5841f709e0b8d335886f6c1a80a5361dcc2459e191094d4fc719cc3bd32b0e85	.sha256
component_sidecars/corrected/04_C_CONTINUITY_METRIC_AND_EQUIVALENCE_SEMANTICS_v0_1_2.md.sha256	125	fcae4adf45389da8724cd2693506435052d2d94860c90fc52849af41ee478a17	.sha256
component_sidecars/corrected/05_C_SELF_EVOLUTION_GATE_AND_BOUNDED_GROWTH_SEMANTICS_v0_1.md.sha256	128	533301abc05f9c91f27cd89204726b033f07c479d682be6b6ab568668a063629	.sha256
component_sidecars/corrected/05d_SELF_EVO_POST_PROMOTION_WATCH_AND_DECAY_GUARD_v0_1.md.sha256	124	ba286b704310f69ea8523f2ab6ec6c3d44b46ab092351d19f85f1b48f08cd7d5	.sha256
component_sidecars/corrected/06_C_RUNTIME_AUTHORITY_AND_MULTI_CONTOUR_DEPLOYMENT_BOUNDARY_v0_1.md.sha256	135	6f965163b7d9a8a0e9abcb24d96ff283cedfbf3a968f0acdab99c6e6911af28a	.sha256
component_sidecars/corrected/06a_RUNTIME_AUTHORITY_MANIFEST_SCHEMA_AND_CHECKER_SEED_v0_1.md.sha256	129	26e30aec315c9994cd60ae9347dd8b88baba2da47076df78af27ef1e777c1690	.sha256
component_sidecars/corrected/06b_MULTI_CONTOUR_HANDOFF_AND_TOOL_LEASE_FIXTURE_PACK_v0_1.md.sha256	128	74c47125d10efe4ae290ac5456b284edda276f7ba938ce7f3c394c0ca836c1bd	.sha256
component_sidecars/corrected/06c_RUNTIME_SESSION_LEDGER_AND_EMERGENCY_HOLD_DRILL_v0_1.md.sha256	126	ea0006655dffe7d8220773a4a0069758f6137fc2059316c13d12b8f8396d4331	.sha256
component_sidecars/corrected/06d_RUNTIME_AUTHORITY_REVOCATION_AND_POST_SESSION_AUDIT_v0_1.md.sha256	130	683e05fef9342ecaaffa36d25253a9e14b8dd8ee3c906d4125c00dbc3954c551	.sha256
component_sidecars/corrected/07_C_PUBLIC_EVIDENCE_DISCLOSURE_AND_REDACTION_BOUNDARY_v0_1.md.sha256	129	dba585781e18d9d605000cc42c38021236c33b8d4dd98557050fefdc1892168b	.sha256
component_sidecars/corrected/07a_PUBLIC_EVIDENCE_DISCLOSURE_MANIFEST_SCHEMA_AND_CHECKER_SEED_v0_1.md.sha256	138	a523928c029b4c754df9ee3105eac6e45d714507ae9d2ba5b46474ec2485d7d1	.sha256
component_sidecars/corrected/07b_PUBLIC_RELEASE_BUNDLE_AND_HASH_CUSTODY_AUDIT_v0_1.md.sha256	123	8397a489b322061ca38a0b872238e4ecb29a185c08617c4f0df623e33292abff	.sha256
component_sidecars/corrected/07c_PUBLIC_RETRACTION_SUPERSESSION_AND_ERRATA_LEDGER_v0_1.md.sha256	127	81ba2bf1189d6164edd72b78a7beadc25eef3101ea7b4cc48ff819f1f4574747	.sha256
component_sidecars/corrected/07d_PUBLIC_CORPUS_INDEX_AND_CITATION_SURFACE_SYNC_v0_1.md.sha256	124	891af12d2a047e071c3781da7fe0491c174bebab559ec469840ea131d40dc0a2	.sha256
component_sidecars/corrected/08_C_INTEROPERABILITY_PROFILE_AND_EXTERNAL_REVIEW_INTAKE_BOUNDARY_v0_1.md.sha256	140	e0354929e25900f0be8e3a953781e45603ff8c7c0704dd514e3b1cad969b8e9a	.sha256
component_sidecars/corrected/08a_INTEROP_REVIEW_INTAKE_SCHEMA_AND_CHECKER_SEED_v0_1.md.sha256	124	542528ed345a2fed66dd96ec1b5d4653b9cc4729e0c1133f64e19dc98bef524e	.sha256
component_sidecars/corrected/08b_EXTERNAL_REVIEW_CONFLICT_RESOLUTION_AND_PATCH_INTAKE_LEDGER_v0_1.md.sha256	138	420bdd804316b74cd134f929831b0d30597dc845319a69abcad97092eb388ce9	.sha256
component_sidecars/corrected/08c_INTEROP_IMPLEMENTATION_REPORT_AND_REPRODUCTION_MAPPING_v0_1.md.sha256	133	a8c321748bb4a6ca85d14f5c79c694a741432e8184de102a7475ce899b7b69e2	.sha256
component_sidecars/corrected/08d_INTEROP_EXTERNAL_IMPLEMENTATION_DISCLOSURE_AND_TEST_VECTOR_REGISTRY_v0_1.md.sha256	146	1ae18d7809717f021846bf7ee06f6737adf03ced885b956f08be0d5ae8623a01	.sha256
component_sidecars/corrected/09_C_DEPLOYMENT_PROFILE_AND_REGULATED_RELEASE_BOUNDARY_v0_1.md.sha256	129	e82ede73b01362b9e73933504bd15495a860f6c1e6d9b33f20699b21669769b6	.sha256
component_sidecars/corrected/09a_DEPLOYMENT_PROFILE_SCHEMA_AND_CHECKER_SEED_v0_1.md.sha256	121	30f75dac2e8db0e6c2134d30cc67dbeb04eda57089a7e256501a9e27a2a21fd9	.sha256
component_sidecars/corrected/09b_DEPLOYMENT_FIXTURE_PACK_AND_MUTATION_MATRIX_v0_1.md.sha256	122	b0054ba79ad656f4e8144bd9487cf51a91f07bd9fe50e24953f2c8d2bba9cc6b	.sha256
component_sidecars/corrected/09c_REGULATED_RELEASE_LEDGER_AND_WITHDRAWAL_DRILL_v0_1.md.sha256	124	f424ec492dc16705bdd645cdd7e60076d69e013d3333c79e3e7650d9d7bd2cd3	.sha256
component_sidecars/corrected/09d_POST_DEPLOYMENT_AUDIT_AND_NEXT_RELEASE_ADMISSION_v0_1.md.sha256	127	ffdaec3db7627cc41e29238cf38b2cbfad41850a15ec34da51fb3754d41b5b82	.sha256
component_sidecars/corrected/10_THE_PLUS_OPERATOR_BOUNDARY_AND_PROTECTED_INCOMPLETENESS_v0_1.md.sha256	133	c11b7f1c99371b3c17fbf6e98f46bed06dddcc6f4b42bd2adc1fca5b08b084c7	.sha256
component_sidecars/corrected/CCALC_C_A1_AXIOM_DECLARATION_SCAFFOLD_v0_2.zip.sha256	113	4b1d4f0e4439ef9af590dbf7db8138d3f23c001004496406362dff3f64397860	.sha256
component_sidecars/corrected/CCALC_C_A5_FIELD_REPRODUCTION_PROTOCOL_v1_0.zip.sha256	114	8fd80f97c968ec16f17054c05a19f771161b4692760ace1ac5bb7a0dfc1403ae	.sha256
component_sidecars/corrected/CCALC_CHECKER_v2_3_ADV_ROBUSTNESS_REVIEW_RECORD__b_layer_claude.zip.sha256	134	b1a0b953a6801eb68c09d63548cce8f0349e252cc3dd83c49c69441c1ffb23bd	.sha256
component_sidecars/corrected/CCALC_CHECKER_v2_3_ADVERSARIAL_ROBUSTNESS_SWEEP_v1_0.zip.sha256	123	50e5e00d83c6227bd5061520323cfa839316ad14e6225cda49f823d004dcde03	.sha256
component_sidecars/corrected/CCALC_CHECKER_v2_3_FINAL_CONFORMANCE_SWEEP_v1_0.zip.sha256	118	8f350b5bcc206c4835cb828981ea5ba20b9d6a7c5ff805ee4ffc37dd0363effc	.sha256
component_sidecars/corrected/CCALC_CLAIM_FORCE_MAP_PUBLIC_CORPUS_ALIGNMENT_REVIEW_v1_0.zip.sha256	128	abaa24a6af70c84f41d8c69279eed79ed01c875e5378ac3080f4052a602d2f2f	.sha256
component_sidecars/corrected/CCALC_CLAIM_FORCE_MAP_v1_0.zip.sha256	97	71d53e44f2c02c058e7cc643fd8788fafc92edcb1a9d0cb0b7a75f1b1af49d53	.sha256
component_sidecars/corrected/CCALC_CONTINUITY_ADJACENCY_AUDIT_04c_v0_1.zip.sha256	112	a480123103de3e7ec60a13751b3f1bb1a1b2c1f3074f3363e212fe5e5e3f3ef0	.sha256
component_sidecars/corrected/CCALC_CONTINUITY_CHECKER_SEED_v0_1.zip.sha256	105	3b771fc3d2910c32ea4b1eb3da2d347fc66b17871d5ea9bcc26bd3030c3b99fc	.sha256
component_sidecars/corrected/CCALC_CONTINUITY_CHECKER_SEED_v0_1_ACCEPTED_CURRENT_PACKAGE.zip.sha256	130	c93c36f5c9ed13d0b0ea00e97698ccc248791812e3231b76cfe0d3c66e28d126	.sha256
component_sidecars/corrected/CCALC_CONTINUITY_CONFORMANCE_GATE_04d_v0_1.zip.sha256	113	c4ca57102b598ddf5ff7e38a6e65f96681671bc8b079d2a6815a82e3804f1865	.sha256
component_sidecars/corrected/CCALC_DEPLOYMENT_FIXTURE_MUTATION_09b_v0_1.zip.sha256	113	6c8d1ebe7ee0e7a6c126c28de9761faf788572264fc14228c58b6241828fb784	.sha256
component_sidecars/corrected/CCALC_DOC04_CONTINUITY_STACK_UMBRELLA_v0_1.zip.sha256	113	b70808d207991dd39c70133657fadd3338f3855d5e35d766df5369017a9eb0cb	.sha256
component_sidecars/corrected/CCALC_DOC05_SELF_EVO_STACK_UMBRELLA_v0_1.zip.sha256	111	6267db547269105bde44d836ed2501536358b49388818d980f28caf5b2e09c9a	.sha256
component_sidecars/corrected/CCALC_DOC06_RUNTIME_AUTHORITY_STACK_UMBRELLA_v0_1.zip.sha256	120	cec8f5073f362379ec425ae14e70b9833651ab0c0e6304d62f28f70f4cd47a1e	.sha256
component_sidecars/corrected/CCALC_DOC07_PUBLIC_EVIDENCE_STACK_INDEX_AND_RELEASE_MANIFEST_v0_1.md.sha256	135	3582740ffc585dccd8e95eb70f0872203e1becd05a84ab0a3c40e1f79cf15506	.sha256
component_sidecars/corrected/CCALC_DOC07_PUBLIC_EVIDENCE_STACK_UMBRELLA_v0_1.zip.sha256	118	893e9f51923177d1ada33828711ee2786235023d20bba5722a1886c4feda848d	.sha256
component_sidecars/corrected/CCALC_DOC08_INTEROPERABILITY_STACK_UMBRELLA_v0_1.zip.sha256	119	ff1217d194d4b34eb17893ae6abe861cfcec4b6b3253def7dbb80dd5afc7c2d3	.sha256
component_sidecars/corrected/CCALC_DOC09_DEPLOYMENT_REGULATED_RELEASE_STACK_INDEX_AND_RELEASE_MANIFEST_v0_1.md.sha256	148	f4d5bebb0275f243a9ff924bb0161d0e13d3935ecbad7931f7f00ccff06251de	.sha256
component_sidecars/corrected/CCALC_DOC09_DEPLOYMENT_REGULATED_RELEASE_STACK_UMBRELLA_v0_1.zip.sha256	131	441468fe5ab1ee4cda5c6901322c5b8c7bcbb7fbf97fac2d70bc3d996e39274e	.sha256
component_sidecars/corrected/CCALC_DOC_MAP_v1_0_REVIEW_RECORD__b_layer_claude.zip.sha256	119	7e8b052d50f504192d4d61cf1c72ab1a95b65c458de8b33b1e1ee19c96f058bf	.sha256
component_sidecars/corrected/CCALC_EXTERNAL_REVIEW_CONFLICT_PATCH_LEDGER_08b_v0_1.zip.sha256	123	eb61418a451bc817e323ffc0b7dfaf4e3d02cd37e5357c6384823a9e027d386b	.sha256
component_sidecars/corrected/CCALC_INTEROP_EXTERNAL_DISCLOSURE_TEST_VECTOR_08d_v0_1.zip.sha256	125	071c132d9ff1726433a26332fb8c009c5f2783a5c06a86dc33ccf5d45dbdb540	.sha256
component_sidecars/corrected/CCALC_INTEROP_IMPLEMENTATION_REPRODUCTION_08c_v0_1.zip.sha256	121	ae850f5eac0ad17ad3ce00bc051b20f77dd1d5a0f22f1c336c19e3e3311ad5ca	.sha256
component_sidecars/corrected/CCALC_INTEROP_REVIEW_INTAKE_08a_v0_1.zip.sha256	107	fc3a7fc0f1fe69f5b83eb29189ce2da343eb5164aa6d970ef4bd2eb5280b1bd3	.sha256
component_sidecars/corrected/CCALC_INTEROPERABILITY_REVIEW_INTAKE_08_v0_1.zip.sha256	115	dc9455c3aa5c36a7ab698f060d22393949b240be5b8ce242a5b74584c3558e5b	.sha256
component_sidecars/corrected/CCALC_MULTI_CONTOUR_HANDOFF_TOOL_LEASE_06b_v0_1.zip.sha256	118	15e0e6f552404ac8a667e49e410f6005dfb80043eaa68e77ef8c96acac020942	.sha256
component_sidecars/corrected/CCALC_PLUS_OPERATOR_BOUNDARY_10_v0_1.zip.sha256	107	a363fbab0d87611aca631b95fdb183f17458c322785e53d4ff960e2554df8e64	.sha256
component_sidecars/corrected/CCALC_POST_DEPLOYMENT_AUDIT_NEXT_RELEASE_09d_v0_1.zip.sha256	120	1ba257fe265f44004143fd590a6f2afcae53d0d6e5ef1709a6d0183d1124684b	.sha256
component_sidecars/corrected/CCALC_PUBLIC_CORPUS_CITATION_SYNC_07d_v0_1.zip.sha256	113	7939a7e2cb6c4ae0b1fe5552b3129103166e57f43539c25f0d595302896fe4c3	.sha256
component_sidecars/corrected/CCALC_PUBLIC_EVIDENCE_DISCLOSURE_MANIFEST_07a_v0_1.zip.sha256	121	0af2405134fc6adf04a8aa001ec388ad89ee0b330e2b1ec7c7f6447d2f1c9677	.sha256
component_sidecars/corrected/CCALC_PUBLIC_EVIDENCE_REDACTION_BOUNDARY_07_v0_1.zip.sha256	119	ff9dbea8b59cb675e55dfbc426a64afdd2ac802cf44fd74393860cb741583d0a	.sha256
component_sidecars/corrected/CCALC_PUBLIC_RELEASE_HASH_CUSTODY_07b_v0_1.zip.sha256	113	ff9c59cf0ee5a599f8ccd15c005e3cb5de6ca61b67f8398981944d82d005ef28	.sha256
component_sidecars/corrected/CCALC_PUBLIC_RETRACTION_SUPERSESSION_ERRATA_07c_v0_1.zip.sha256	123	d04d0dbb0f49f97b59675f0cc01c0bfe8e63c135e1a6f354f54dc6152ff82898	.sha256
component_sidecars/corrected/CCALC_REGULATED_RELEASE_LEDGER_WITHDRAWAL_09c_v0_1.zip.sha256	121	2ae72fb829c9f769caadef004995977f60338c16672147e2e428ff197069c5da	.sha256
component_sidecars/corrected/CCALC_RUNTIME_AUTHORITY_BOUNDARY_06_v0_1.zip.sha256	111	8faf74a6991c9575f736411212266877df03076dc39a8bd6a1c6b83ec293cb98	.sha256
component_sidecars/corrected/CCALC_RUNTIME_AUTHORITY_MANIFEST_06a_v0_1.zip.sha256	112	c3bf953e3d479b647bd3b4168e34c1474dfb977ddfb9feb934084ceb7bdfe82d	.sha256
component_sidecars/corrected/CCALC_RUNTIME_AUTHORITY_REVOCATION_06d_v0_1.zip.sha256	114	36b089b8fe38aa8e6eb23db7479bc8a91afd7b799af2082398de823af6a7e11e	.sha256
component_sidecars/corrected/CCALC_RUNTIME_SESSION_LEDGER_06c_v0_1.zip.sha256	108	8bc8c704e1fa24e45d69d0d1c7101891d8f65478cfbfa3f0193ce0a14e1c2b96	.sha256
component_sidecars/corrected/CCALC_SELF_EVO_BOUNDARY_HARDENING_05b_v0_1.zip.sha256	113	47ca5e1e6c083f15498e6e1afc71e48f1b042d9b45a80bfbabd3b597f003fa88	.sha256
component_sidecars/corrected/CCALC_SELF_EVO_POST_PROMOTION_WATCH_05d_v0_1.zip.sha256	115	52d3ac5d904332f6a7423d1c29183f18d7c06f8cb7315149942899603907e3ce	.sha256
component_sidecars/corrected/CCALC_SELF_EVO_PROMOTION_LEDGER_05c_v0_1.zip.sha256	111	b4e08ff546c7ed6d3438dafc5cac7312ce4205c3e8ae7c02a766feaafa89feb8	.sha256
component_sidecars/corrected/CCALC_SELF_EVO_PROPOSAL_PACKET_05a_v0_1.zip.sha256	110	a624a04e39210695e11fbf94a8a8a96f80c379b6d16af1bb2a5167bb10d14b4a	.sha256
component_sidecars/corrected/CCALC_SELF_EVOLUTION_GATE_05_v0_1.zip.sha256	104	556c8df5b4031ceb0bc6b98e041dbb6fa848628dc54e382e08eb1c690de47cee	.sha256
component_sidecars/corrected/CCALC_WITNESS_CHAIN_DOC_MAP_v1_2.zip.sha256	103	644493e3af8e828e87140d6f3db0f83ea68699e3bc713b56ecc31016bd17bb7e	.sha256
component_sidecars/corrected/DOC03_C_STATE_TRANSITION_v0_1_2_REVIEW_RECORD__b_layer_claude.zip.sha256	132	70bb93cca55732b34991429d85b64821bda9b9e6d799d248145ef4c7d2461c8b	.sha256
component_sidecars/corrected/DOC04_C_CONTINUITY_METRIC_v0_1_1_REVIEW_RECORD__b_layer_claude.zip.sha256	133	cbd63ef7444b06df6fb5c6c013231d74600dafb3099b58a20e2a9fe12dc9fde6	.sha256
component_sidecars/original/09a_DEPLOYMENT_PROFILE_SCHEMA_AND_CHECKER_SEED_v0_1.md.sha256	131	a9c52c1ae94da62f202410557859d98f6f628896d8b295b76a652c5439547a39	.sha256
component_sidecars/original/09b_DEPLOYMENT_FIXTURE_PACK_AND_MUTATION_MATRIX_v0_1.md.sha256	122	b0054ba79ad656f4e8144bd9487cf51a91f07bd9fe50e24953f2c8d2bba9cc6b	.sha256
component_sidecars/original/09c_REGULATED_RELEASE_LEDGER_AND_WITHDRAWAL_DRILL_v0_1.md.sha256	124	f424ec492dc16705bdd645cdd7e60076d69e013d3333c79e3e7650d9d7bd2cd3	.sha256
component_sidecars/original/09d_POST_DEPLOYMENT_AUDIT_AND_NEXT_RELEASE_ADMISSION_v0_1.md.sha256	127	ffdaec3db7627cc41e29238cf38b2cbfad41850a15ec34da51fb3754d41b5b82	.sha256
component_sidecars/original/10_THE_PLUS_OPERATOR_BOUNDARY_AND_PROTECTED_INCOMPLETENESS_v0_1.md.sha256	133	c11b7f1c99371b3c17fbf6e98f46bed06dddcc6f4b42bd2adc1fca5b08b084c7	.sha256
component_sidecars/original/CCALC_DEPLOYMENT_FIXTURE_MUTATION_09b_v0_1.zip.sha256	113	6c8d1ebe7ee0e7a6c126c28de9761faf788572264fc14228c58b6241828fb784	.sha256
component_sidecars/original/CCALC_DOC07_PUBLIC_EVIDENCE_STACK_UMBRELLA_v0_1.zip.sha256	118	893e9f51923177d1ada33828711ee2786235023d20bba5722a1886c4feda848d	.sha256
component_sidecars/original/CCALC_DOC09_DEPLOYMENT_REGULATED_RELEASE_STACK_INDEX_AND_RELEASE_MANIFEST_v0_1.md.sha256	148	f4d5bebb0275f243a9ff924bb0161d0e13d3935ecbad7931f7f00ccff06251de	.sha256
component_sidecars/original/CCALC_DOC09_DEPLOYMENT_REGULATED_RELEASE_STACK_UMBRELLA_v0_1.zip.sha256	131	441468fe5ab1ee4cda5c6901322c5b8c7bcbb7fbf97fac2d70bc3d996e39274e	.sha256
component_sidecars/original/CCALC_EXTERNAL_REVIEW_CONFLICT_PATCH_LEDGER_08b_v0_1.zip.sha256	123	eb61418a451bc817e323ffc0b7dfaf4e3d02cd37e5357c6384823a9e027d386b	.sha256
component_sidecars/original/CCALC_INTEROP_EXTERNAL_DISCLOSURE_TEST_VECTOR_08d_v0_1.zip.sha256	125	071c132d9ff1726433a26332fb8c009c5f2783a5c06a86dc33ccf5d45dbdb540	.sha256
component_sidecars/original/CCALC_INTEROP_IMPLEMENTATION_REPRODUCTION_08c_v0_1.zip.sha256	121	ae850f5eac0ad17ad3ce00bc051b20f77dd1d5a0f22f1c336c19e3e3311ad5ca	.sha256
component_sidecars/original/CCALC_INTEROP_REVIEW_INTAKE_08a_v0_1.zip.sha256	107	fc3a7fc0f1fe69f5b83eb29189ce2da343eb5164aa6d970ef4bd2eb5280b1bd3	.sha256
component_sidecars/original/CCALC_INTEROPERABILITY_REVIEW_INTAKE_08_v0_1.zip.sha256	115	dc9455c3aa5c36a7ab698f060d22393949b240be5b8ce242a5b74584c3558e5b	.sha256
component_sidecars/original/CCALC_MULTI_CONTOUR_HANDOFF_TOOL_LEASE_06b_v0_1.zip.sha256	118	15e0e6f552404ac8a667e49e410f6005dfb80043eaa68e77ef8c96acac020942	.sha256
component_sidecars/original/CCALC_PLUS_OPERATOR_BOUNDARY_10_v0_1.zip.sha256	107	a363fbab0d87611aca631b95fdb183f17458c322785e53d4ff960e2554df8e64	.sha256
component_sidecars/original/CCALC_POST_DEPLOYMENT_AUDIT_NEXT_RELEASE_09d_v0_1.zip.sha256	120	1ba257fe265f44004143fd590a6f2afcae53d0d6e5ef1709a6d0183d1124684b	.sha256
component_sidecars/original/CCALC_PUBLIC_CORPUS_CITATION_SYNC_07d_v0_1.zip.sha256	113	99f721054abdf4934cae87d724ba70a26752867b76dcc06fada6aeff8e2d2002	.sha256
component_sidecars/original/CCALC_PUBLIC_EVIDENCE_DISCLOSURE_MANIFEST_07a_v0_1.zip.sha256	121	0af2405134fc6adf04a8aa001ec388ad89ee0b330e2b1ec7c7f6447d2f1c9677	.sha256
component_sidecars/original/CCALC_PUBLIC_EVIDENCE_REDACTION_BOUNDARY_07_v0_1.zip.sha256	119	ff9dbea8b59cb675e55dfbc426a64afdd2ac802cf44fd74393860cb741583d0a	.sha256
component_sidecars/original/CCALC_PUBLIC_RELEASE_HASH_CUSTODY_07b_v0_1.zip.sha256	113	ff9c59cf0ee5a599f8ccd15c005e3cb5de6ca61b67f8398981944d82d005ef28	.sha256
component_sidecars/original/CCALC_PUBLIC_RETRACTION_SUPERSESSION_ERRATA_07c_v0_1.zip.sha256	123	d04d0dbb0f49f97b59675f0cc01c0bfe8e63c135e1a6f354f54dc6152ff82898	.sha256
component_sidecars/original/CCALC_REGULATED_RELEASE_LEDGER_WITHDRAWAL_09c_v0_1.zip.sha256	121	2ae72fb829c9f769caadef004995977f60338c16672147e2e428ff197069c5da	.sha256
component_sidecars/original/CCALC_RUNTIME_AUTHORITY_BOUNDARY_06_v0_1.zip.sha256	111	1eb37d9fe833463ba6538e877d71ba361887415853cf8332b6bd18469114d14b	.sha256
component_sidecars/original/CCALC_RUNTIME_AUTHORITY_MANIFEST_06a_v0_1.zip.sha256	112	c3bf953e3d479b647bd3b4168e34c1474dfb977ddfb9feb934084ceb7bdfe82d	.sha256
component_sidecars/original/CCALC_RUNTIME_AUTHORITY_REVOCATION_06d_v0_1.zip.sha256	114	5cefced83af2fda0695bbcc212932d28bb8f33a871c062bf1daa3ee0c4da08bf	.sha256
component_sidecars/original/CCALC_RUNTIME_SESSION_LEDGER_06c_v0_1.zip.sha256	108	21a0ed35daf2b70f5c680f9d95f981b8c74fd74a445fc7b6dec6cf43555e2ff7	.sha256
component_sidecars/original/CCALC_SELF_EVO_POST_PROMOTION_WATCH_05d_v0_1.zip.sha256	125	422096efa1be432e6002e29fb519cc472ca903a46de96590fe7334a23409f3e9	.sha256
component_sidecars/original/CODEX_ITERATION_ZENODO_PDF_PACKAGE_01.md.sha256	117	f0d013562acf997f9d2d82ffca5858e3e57b7471d1869b18147d3224df426db1	.sha256
DOI_BRIDGE.md	279	c6cb79c5912cad89d48cdabd68e9b629c98c2a446275364c4ec60c2a99f37e2e	.md
LICENSE.md	836	e977a6e64564f355d63bd170869f7046a79097d6bcc7aeb8cb1623d96bb268ab	.md
LICENSE_CODE_MIT.md	352	c2918494b8ab7878d66ae90a6af9f093d06335f4b62ed7779583901e021b5e37	.md
LICENSE_NOTICE.md	596	1d5e09856e3b953541122df23e8ce1fbc4a7ea5cdfd3fda3ee8ba2ba94932eef	.md
LICENSES/CC-BY-4.0-NOTICE.md	467	6c05e25ebd4625746d3bd27b4eda93c04769b7e3b48f7a4383d65c1f69ada310	.md
LICENSES/MIT.txt	1067	e3590562472b2d480218b2f04990115477b6ddc6ef0f6b9f36fe07c01f676c48	.txt
manifests/source_release_manifests/CCALC_DOC07_PUBLIC_EVIDENCE_STACK_INDEX_AND_RELEASE_MANIFEST_v0_1.md	3187	04da94dbaf0c43e73420b281ddfc597feb71b9182bfa67bfb810c634ee39e97d	.md
manifests/source_release_manifests/CCALC_DOC09_DEPLOYMENT_REGULATED_RELEASE_STACK_INDEX_AND_RELEASE_MANIFEST_v0_1.md	8135	079797f5ac15152c4a93f15dd3bae5a3676189b62e47aa3e2ae0f4838cab7fcc	.md
NON_CLAIMS.md	317	cba7a046f704caf7a3b96dfd507a4854a383664ddd0c128fd407da276027ef23	.md
PDF_BUILD_MANIFEST.tsv	9619	6ffb3f5dea12467c4a78644d9c956a7550c900b04d133cb530f72586e5f65ec6	.tsv
PDF_VISUAL_QA_REPORT.tsv	16864	2de98deb98bbb1ac5f075203aad299ca85e29407ea3b4e12d3add99629301483	.tsv
PUBLICATION_RECORD.json	1368	7ceab2996ac781b40e36ce52b95ffb4a5d82f3265609d311efbdeb3f38e1da7b	.json
README.md	2189	891b3d013d1e0720376a032a5ba74b5868e5940e86533b0c4e78ced5c293a7f6	.md
release_evidence/CHECKER_RERUN_SUMMARY.tsv	10502	a0cf15d4e247cb8edf4658f59b41c8dd0518b52768477285c5dbba6e47e4983f	.tsv
release_evidence/DUPLICATE_REPORT.tsv	1122	2b30c66e3c0d38eeeb187df327905685141cb0b7a8d861c5b997bddbdc1e1126	.tsv
release_evidence/FULL_STACK_AUDIT_SUMMARY.md	788	a1734d4ce3c18111f4a34402005c86f95f75d3679bfcfb43b4e38ea8502b1e97	.md
release_evidence/PDF_TEXT_METADATA_QA.tsv	4731	fdde1ec857e931cd461fcc295ac8d93fd1ba2ff56f578c78274854496010080a	.tsv
release_evidence/SECRET_SCAN_REPORT.tsv	2006	11df8d1965e7cf04333d9c980d2a51477a1c5967c441316f6e215e7a9146c12a	.tsv
release_evidence/SIDECAR_AUDIT_SUMMARY.tsv	920	4ea5815d79d67ff09954e8d2143d4d054cb235f530316306a3351bf16da836eb	.tsv
release_evidence/SKIPPED_SOURCE_FILES.tsv	1229	45af3013e4f2488ebf3e4ac470320ca4f747839f0bb3ccc87c36c22cf31345d9	.tsv
RELEASE_MANIFEST.md	11661	c2334b64dd173890a691b565dcd315c098c47520b1f7e392913e66ec0b4b1927	.md
SOURCE_BINDINGS.tsv	15942	ee6a45215041d814f66cb12d963005665763d824d6781c70c684ded33658d786	.tsv
source_markdown/01_TYPED_GOVERNED_OPERATIONAL_ALGEBRA_FOR_C_v0_1_7.md	121394	d060ef513bf4bedcb7e88f43f8456452bc87f0c0409d5b4caeffc590ae22c29e	.md
source_markdown/02_GOVERNED_BINDING_OPERATOR_PROFILE_v0_1_5.md	113088	1ecdc805a0893c8baff8cae0aff57a1d010536eac8d6ee81bf98b84799958e6d	.md
source_markdown/03_C_STATE_AND_TRANSITION_SEMANTICS_v0_1_2.md	48850	da46f19c20b14262e03e3ad16946e00f786c0bdcdc2fefae9d2c75b0e701a497	.md
source_markdown/04_C_CONTINUITY_METRIC_AND_EQUIVALENCE_SEMANTICS_v0_1_2.md	58689	35861cc5c8c579be07840bcace3f44197343d4c384956672da86a308b7bd6fa9	.md
source_markdown/05_C_SELF_EVOLUTION_GATE_AND_BOUNDED_GROWTH_SEMANTICS_v0_1.md	28691	c4f73da9218780486362beb53a03c40cb4a845ea9f7c321e402441c3446be473	.md
source_markdown/05d_SELF_EVO_POST_PROMOTION_WATCH_AND_DECAY_GUARD_v0_1.md	9083	e2f1454f97260117518295dfc7e5cdbe9de316840f5bbaba37d77c5e263448d9	.md
source_markdown/06_C_RUNTIME_AUTHORITY_AND_MULTI_CONTOUR_DEPLOYMENT_BOUNDARY_v0_1.md	25160	aff9c5de6f61a1a917fed7bd4d1758dd5f59ca348c209c36a4bdbc0e2f9fd3bf	.md
source_markdown/06a_RUNTIME_AUTHORITY_MANIFEST_SCHEMA_AND_CHECKER_SEED_v0_1.md	6853	b0be8bc79e399882323de677a343a1d54b7cb23101f84393960d930e677240d9	.md
source_markdown/06b_MULTI_CONTOUR_HANDOFF_AND_TOOL_LEASE_FIXTURE_PACK_v0_1.md	5270	6f4a74a8ad5dad4733b9fe4977cd1cf1adb24b3c2b5650d18cdaa69e72d3a8ea	.md
source_markdown/06c_RUNTIME_SESSION_LEDGER_AND_EMERGENCY_HOLD_DRILL_v0_1.md	5904	91183b4e9a2d5f9489cf7070b2d87b3c7c7dca898f92ed8d5fec3b1bf052c069	.md
source_markdown/06d_RUNTIME_AUTHORITY_REVOCATION_AND_POST_SESSION_AUDIT_v0_1.md	7420	3f6ebffcf067dfa8a222ae7692965428848bdf49e9098ffa37221f4de5b55d45	.md
source_markdown/07_C_PUBLIC_EVIDENCE_DISCLOSURE_AND_REDACTION_BOUNDARY_v0_1.md	15645	0c789ced5f4477f5678d9a3ebbe0db439656dd6bac6e1e1bf8daeb61a979f955	.md
source_markdown/07a_PUBLIC_EVIDENCE_DISCLOSURE_MANIFEST_SCHEMA_AND_CHECKER_SEED_v0_1.md	6181	e6745591f0bdb66a4121d2d0054331579555a1479db77971e9b804ca47e39f4f	.md
source_markdown/07b_PUBLIC_RELEASE_BUNDLE_AND_HASH_CUSTODY_AUDIT_v0_1.md	5795	ac74434ad17ff2e82915a351f954d32ca5dce498d1b84334e8ca4e2bdfd8f610	.md
source_markdown/07c_PUBLIC_RETRACTION_SUPERSESSION_AND_ERRATA_LEDGER_v0_1.md	7046	e8775240542c05ca815532da05d2e2554481983c23b242a0d11c3b304596fe46	.md
source_markdown/07d_PUBLIC_CORPUS_INDEX_AND_CITATION_SURFACE_SYNC_v0_1.md	5262	416a54d43dff29d058e80681abec8a33ec5ca45197254f3499dd655a8ef4bc49	.md
source_markdown/08_C_INTEROPERABILITY_PROFILE_AND_EXTERNAL_REVIEW_INTAKE_BOUNDARY_v0_1.md	21110	6d4b466eff1c0c825eb31be0c97aeb7c295e655a2061d3739b2d76b574d94bcf	.md
source_markdown/08a_INTEROP_REVIEW_INTAKE_SCHEMA_AND_CHECKER_SEED_v0_1.md	6648	59fa0fc30aea2ac413d0cc83c75a7f16e79503c689e904a79f6868bfa37f870f	.md
source_markdown/08b_EXTERNAL_REVIEW_CONFLICT_RESOLUTION_AND_PATCH_INTAKE_LEDGER_v0_1.md	5625	99795f20f05b0fe06bf7ce736843b1ce6119d3c68c904f622d7d3649afc60fcc	.md
source_markdown/08c_INTEROP_IMPLEMENTATION_REPORT_AND_REPRODUCTION_MAPPING_v0_1.md	5161	b3ab9f4acdddb1a9ba1babdf1c6949762cd745be4cd11879d3297d6db041635a	.md
source_markdown/08d_INTEROP_EXTERNAL_IMPLEMENTATION_DISCLOSURE_AND_TEST_VECTOR_REGISTRY_v0_1.md	5207	517cd9422db3b11618c0e46df42133b3a443bad5186ac81ba58a15ef2cee0e53	.md
source_markdown/09_C_DEPLOYMENT_PROFILE_AND_REGULATED_RELEASE_BOUNDARY_v0_1.md	33005	16c888da5c4281c24f848246716b6f9f37d15236b909d66fc509090b5e7fd86d	.md
source_markdown/09a_DEPLOYMENT_PROFILE_SCHEMA_AND_CHECKER_SEED_v0_1.md	32770	c169c6d46fb3f870e3ab8b8e18d29a7797849ee012923ba258d4a537cee7f98e	.md
source_markdown/09b_DEPLOYMENT_FIXTURE_PACK_AND_MUTATION_MATRIX_v0_1.md	18627	15c179fbbf2d27d78b33eec541853ef2f7a5ab35e9cf2138b879cbec8a819b1f	.md
source_markdown/09c_REGULATED_RELEASE_LEDGER_AND_WITHDRAWAL_DRILL_v0_1.md	11853	2c295976d6a741e9f0a527bd1a70d9c68f1e86712542562ed8ef69ec86154f65	.md
source_markdown/09d_POST_DEPLOYMENT_AUDIT_AND_NEXT_RELEASE_ADMISSION_v0_1.md	9624	0e1232485f3cb56a136bd4909e91015ea7ca7fcf55f2a255a288a73455852088	.md
source_markdown/10_THE_PLUS_OPERATOR_BOUNDARY_AND_PROTECTED_INCOMPLETENESS_v0_1.md	29110	e9c26290020a33b787c9d1d9c1947e1fd9f6e06c5df2d549f4368de61fa10c33	.md
source_markdown/CCALC_DOC07_PUBLIC_EVIDENCE_STACK_INDEX_AND_RELEASE_MANIFEST_v0_1.md	3187	04da94dbaf0c43e73420b281ddfc597feb71b9182bfa67bfb810c634ee39e97d	.md
source_markdown/CCALC_DOC09_DEPLOYMENT_REGULATED_RELEASE_STACK_INDEX_AND_RELEASE_MANIFEST_v0_1.md	8135	079797f5ac15152c4a93f15dd3bae5a3676189b62e47aa3e2ae0f4838cab7fcc	.md
ZENODO_UPLOAD_METADATA.md	1029	d76de9cb3565fd46676c0dc4c27ec09562846b51d049057300a31ab38d5c1fc0	.md
